{
    "loss_values": [
        16.49638179270989,
        15.797522158283877,
        14.709977293173054,
        13.377723022575756,
        12.493351119932559,
        11.230515391480925,
        10.052636258761249,
        9.099674888334496,
        8.280552176289916,
        7.462206313278594
    ],
    "accuracy_values": [
        0.14285714285714285,
        0.2857142857142857,
        0.44285714285714284,
        0.44285714285714284,
        0.5428571428571428,
        0.6142857142857143,
        0.7285714285714285,
        0.8,
        0.8428571428571429,
        0.9
    ],
    "val_loss_values": [
        16.227373368962372,
        15.636021091877785,
        14.880699519838364,
        13.988675538479951,
        13.511055015629466,
        12.883174831645835,
        12.411276391210958,
        12.054092549388194,
        11.678479107829473,
        11.347369764731397
    ],
    "val_accuracy_values": [
        0.17792332222683008,
        0.2897510331908078,
        0.32841882480801954,
        0.3632398575698208,
        0.3740937236339716,
        0.4484262609217921,
        0.4881093680733315,
        0.5109039168299275,
        0.536186703656566,
        0.5544623832744641
    ],
    "training_time_ms": 57220.70000000298,
    "inference_time_ms": 5717.30000000447,
    "loss": 11.347369764731397,
    "accuracy": 0.5544623832744641
}