{
    "loss_values": [
        15.51147384575717,
        12.079873453804671,
        8.871424024883671,
        6.668361527296751,
        5.153484985913334,
        4.099703544088596,
        3.3618376855378345,
        2.811189041789897,
        2.3857168757258678,
        2.0460880135710786
    ],
    "accuracy_values": [
        0.34285714285714286,
        0.6285714285714286,
        0.7714285714285715,
        0.8514285714285714,
        0.8914285714285715,
        0.92,
        0.94,
        0.9542857142857143,
        0.9742857142857143,
        0.98
    ],
    "val_loss_values": [
        14.431149074131094,
        12.000365601832856,
        9.86776203007141,
        8.39835961375734,
        7.520961297055988,
        6.912886539278905,
        6.466507944591496,
        6.091624060948123,
        5.790532902139877,
        5.551503083407747
    ],
    "val_accuracy_values": [
        0.4906890264038249,
        0.6476187741388965,
        0.7048485979698201,
        0.7300463753966316,
        0.7451506841447831,
        0.7560625421757671,
        0.765610417952878,
        0.7751870091458599,
        0.7825525133167741,
        0.7880945885798791
    ],
    "training_time_ms": 57853.90000000596,
    "inference_time_ms": 5675.699999988079,
    "loss": 5.551503083407747,
    "accuracy": 0.7880945885798791
}