{
    "loss_values": [
        15.274758135124545,
        10.535370864105762,
        6.886029763866051,
        5.095251326652099,
        3.9998604798803705,
        3.282313052554432,
        2.721920672937574,
        2.298937353849688,
        1.9610148633151159,
        1.6751363812411888
    ],
    "accuracy_values": [
        0.3742857142857143,
        0.6857142857142857,
        0.8142857142857143,
        0.8728571428571429,
        0.9,
        0.9271428571428572,
        0.94,
        0.9542857142857143,
        0.9685714285714285,
        0.9785714285714285
    ],
    "val_loss_values": [
        13.198567752873796,
        9.340706411403163,
        7.43725585980914,
        6.3165657552969945,
        5.564346344930003,
        5.030440607617531,
        4.724102006372003,
        4.435170149494136,
        4.234964368367592,
        4.033018327396126
    ],
    "val_accuracy_values": [
        0.5777283943491248,
        0.712102627743546,
        0.7344261821959913,
        0.7716128659865221,
        0.7961442445056928,
        0.812796721453412,
        0.8187852638566213,
        0.8296367912956897,
        0.835582043030924,
        0.8420034921138834
    ],
    "training_time_ms": 59277.10000000894,
    "inference_time_ms": 5725.29999999702,
    "loss": 4.033018327396126,
    "accuracy": 0.8420034921138834
}