{
    "loss_values": [
        2.1179397106170654,
        1.618800401687622,
        1.0725634098052979,
        0.7461885809898376,
        0.595784068107605,
        0.5096015334129333,
        0.45180538296699524,
        0.41118791699409485,
        0.37975406646728516,
        0.3558715879917145
    ],
    "accuracy_values": [
        0.22200000286102295,
        0.5131666660308838,
        0.7483333349227905,
        0.8141666650772095,
        0.8454999923706055,
        0.862333357334137,
        0.8765000104904175,
        0.8848333358764648,
        0.8951666951179504,
        0.9038333296775818
    ],
    "val_loss_values": [
        1.9552569389343262,
        1.4262133836746216,
        0.968134880065918,
        0.737734854221344,
        0.6294927000999451,
        0.5529376864433289,
        0.49797680974006653,
        0.4642554819583893,
        0.4456278681755066,
        0.4261780381202698
    ],
    "val_accuracy_values": [
        0.34700000286102295,
        0.6430000066757202,
        0.7540000081062317,
        0.8009999990463257,
        0.8149999976158142,
        0.8460000157356262,
        0.8560000061988831,
        0.8640000224113464,
        0.8619999885559082,
        0.8700000047683716
    ],
    "training_time_ms": 7371.146440505981,
    "inference_time_ms": 252.88963317871094,
    "loss": 0.4261780381202698,
    "accuracy": 0.8700000047683716
}