{
    "loss_values": [
        1.0746450424194336,
        0.4309386909008026,
        0.34857580065727234,
        0.31226426362991333,
        0.28727999329566956,
        0.2676115036010742,
        0.25048109889030457,
        0.2364460974931717,
        0.22371630370616913,
        0.21271973848342896
    ],
    "accuracy_values": [
        0.6927333474159241,
        0.8805333375930786,
        0.9020000100135803,
        0.9123666882514954,
        0.9191333055496216,
        0.9253000020980835,
        0.9297000169754028,
        0.9334333539009094,
        0.9363333582878113,
        0.9391666650772095
    ],
    "val_loss_values": [
        0.5906808376312256,
        0.44809359312057495,
        0.41079506278038025,
        0.3683103621006012,
        0.3504970371723175,
        0.3269501328468323,
        0.3148726224899292,
        0.2995341420173645,
        0.2951863408088684,
        0.28263309597969055
    ],
    "val_accuracy_values": [
        0.8334000110626221,
        0.870199978351593,
        0.8776000142097473,
        0.8952000141143799,
        0.896399974822998,
        0.9043999910354614,
        0.9106000065803528,
        0.9121999740600586,
        0.9125999808311462,
        0.9164000153541565
    ],
    "training_time_ms": 27636.032581329346,
    "inference_time_ms": 258.7547302246094,
    "loss": 0.28263309597969055,
    "accuracy": 0.9164000153541565
}