{
    "loss_values": [
        0.7990346550941467,
        0.33605214953422546,
        0.28357699513435364,
        0.2498776912689209,
        0.22291968762874603,
        0.20093855261802673,
        0.1831090748310089,
        0.16842226684093475,
        0.15644331276416779,
        0.14598092436790466
    ],
    "accuracy_values": [
        0.7710999846458435,
        0.9043499827384949,
        0.9180333614349365,
        0.9277666807174683,
        0.935533344745636,
        0.941349983215332,
        0.9473166465759277,
        0.9516500234603882,
        0.954633355140686,
        0.9574333429336548
    ],
    "val_loss_values": [
        0.3580852150917053,
        0.288223534822464,
        0.26114127039909363,
        0.23298591375350952,
        0.2070496827363968,
        0.1893153339624405,
        0.1785486936569214,
        0.1668008714914322,
        0.15905794501304626,
        0.1569417268037796
    ],
    "val_accuracy_values": [
        0.8960000276565552,
        0.9193999767303467,
        0.9251999855041504,
        0.9320999979972839,
        0.9422000050544739,
        0.9466000199317932,
        0.949999988079071,
        0.9527999758720398,
        0.9557999968528748,
        0.9542999863624573
    ],
    "training_time_ms": 52431.72311782837,
    "inference_time_ms": 251.97243690490723,
    "loss": 0.1569417268037796,
    "accuracy": 0.9542999863624573
}