{
    "loss_values": [
        1.2595895528793335,
        0.4384663999080658,
        0.35661715269088745,
        0.32109886407852173,
        0.2977910041809082,
        0.2795107364654541,
        0.2635036110877991,
        0.24994812905788422,
        0.23836717009544373,
        0.2270888239145279
    ],
    "accuracy_values": [
        0.6586666703224182,
        0.8788666725158691,
        0.8981333374977112,
        0.9075666666030884,
        0.9161333441734314,
        0.9202333688735962,
        0.9250666499137878,
        0.9290333390235901,
        0.9337000250816345,
        0.9361333250999451
    ],
    "val_loss_values": [
        0.6132546663284302,
        0.46634554862976074,
        0.4113602936267853,
        0.38659608364105225,
        0.35652878880500793,
        0.3428157567977905,
        0.3271602690219879,
        0.3088042736053467,
        0.30605483055114746,
        0.2948017120361328
    ],
    "val_accuracy_values": [
        0.8288000226020813,
        0.8659999966621399,
        0.878600001335144,
        0.8855999708175659,
        0.894599974155426,
        0.8974000215530396,
        0.9016000032424927,
        0.9092000126838684,
        0.9092000126838684,
        0.9115999937057495
    ],
    "training_time_ms": 51507.39999999851,
    "inference_time_ms": 0.10000000149011612,
    "loss": 0.2948017120361328,
    "accuracy": 0.9115999937057495
}