{
    "loss_values": [
        2.0866849422454834,
        1.4456452131271362,
        0.9047708511352539,
        0.6424595713615417,
        0.5205435752868652,
        0.45339062809944153,
        0.4128706455230713,
        0.38268524408340454,
        0.3594408333301544,
        0.34272485971450806
    ],
    "accuracy_values": [
        0.3294999897480011,
        0.6834999918937683,
        0.8103333115577698,
        0.8529999852180481,
        0.8713333010673523,
        0.8819999694824219,
        0.8913333415985107,
        0.8963333368301392,
        0.9048333168029785,
        0.9071666598320007
    ],
    "val_loss_values": [
        1.8457015752792358,
        1.2138527631759644,
        0.8320183157920837,
        0.656835675239563,
        0.5651253461837769,
        0.5158844590187073,
        0.48102742433547974,
        0.46181628108024597,
        0.44782811403274536,
        0.4234265685081482
    ],
    "val_accuracy_values": [
        0.5490000247955322,
        0.746999979019165,
        0.7879999876022339,
        0.8349999785423279,
        0.8519999980926514,
        0.8550000190734863,
        0.8640000224113464,
        0.8679999709129333,
        0.8629999756813049,
        0.8730000257492065
    ],
    "training_time_ms": 10171.69999999553,
    "inference_time_ms": 0.5,
    "loss": 0.4234265685081482,
    "accuracy": 0.8730000257492065
}