{
    "loss_values": [
        0.7830280661582947,
        0.33221426606178284,
        0.2843796908855438,
        0.2537008821964264,
        0.22992202639579773,
        0.21020890772342682,
        0.19404585659503937,
        0.1801270842552185,
        0.16785778105258942,
        0.1581260859966278
    ],
    "accuracy_values": [
        0.7848333716392517,
        0.9044833183288574,
        0.9181833267211914,
        0.9264333248138428,
        0.934066653251648,
        0.9382333159446716,
        0.9437500238418579,
        0.9481000304222107,
        0.9510499835014343,
        0.9541500210762024
    ],
    "val_loss_values": [
        0.35607752203941345,
        0.2909247577190399,
        0.2590074837207794,
        0.23565632104873657,
        0.21409469842910767,
        0.19846211373806,
        0.187870055437088,
        0.1745431125164032,
        0.16491803526878357,
        0.16278992593288422
    ],
    "val_accuracy_values": [
        0.8988000154495239,
        0.9143000245094299,
        0.9253000020980835,
        0.9296000003814697,
        0.9363999962806702,
        0.9419000148773193,
        0.9420999884605408,
        0.945900022983551,
        0.9491000175476074,
        0.949400007724762
    ],
    "training_time_ms": 105356.39999999851,
    "inference_time_ms": 0.6999999955296516,
    "loss": 0.16278992593288422,
    "accuracy": 0.949400007724762
}