{
    "loss_values": [
        2.163975954055786,
        1.6737781763076782,
        1.1206709146499634,
        0.788616418838501,
        0.6142812371253967,
        0.5159034132957458,
        0.45452001690864563,
        0.4111011028289795,
        0.38238078355789185,
        0.35947009921073914
    ],
    "accuracy_values": [
        0.28999999165534973,
        0.5874999761581421,
        0.7381666302680969,
        0.8115000128746033,
        0.8460000157356262,
        0.8668333292007446,
        0.8809999823570251,
        0.8934999704360962,
        0.8966666460037231,
        0.9036666750907898
    ],
    "val_loss_values": [
        2.0135369300842285,
        1.455213189125061,
        1.0275315046310425,
        0.8004854917526245,
        0.6663557291030884,
        0.5883644223213196,
        0.5341501832008362,
        0.5002219676971436,
        0.4756365418434143,
        0.450570285320282
    ],
    "val_accuracy_values": [
        0.46299999952316284,
        0.6110000014305115,
        0.722000002861023,
        0.7799999713897705,
        0.8119999766349792,
        0.8289999961853027,
        0.843999981880188,
        0.8510000109672546,
        0.8569999933242798,
        0.8690000176429749
    ],
    "training_time_ms": 10301.89999999851,
    "inference_time_ms": 0.6000000014901161,
    "loss": 0.450570285320282,
    "accuracy": 0.8690000176429749
}