{
    "loss_values": [
        1.1507834196090698,
        0.4384334981441498,
        0.3541123867034912,
        0.31635913252830505,
        0.29292765259742737,
        0.2735057771205902,
        0.2576238811016083,
        0.24435639381408691,
        0.23160868883132935,
        0.2205802947282791
    ],
    "accuracy_values": [
        0.6764000058174133,
        0.878333330154419,
        0.9005666971206665,
        0.9110333323478699,
        0.9177666902542114,
        0.9224666953086853,
        0.9265000224113464,
        0.9298333525657654,
        0.9337000250816345,
        0.9375333189964294
    ],
    "val_loss_values": [
        0.6151753664016724,
        0.46173250675201416,
        0.4114181101322174,
        0.3773238956928253,
        0.35199224948883057,
        0.3325488567352295,
        0.3200187087059021,
        0.31339845061302185,
        0.3287842273712158,
        0.29229459166526794
    ],
    "val_accuracy_values": [
        0.8263999819755554,
        0.8650000095367432,
        0.8802000284194946,
        0.8898000121116638,
        0.8985999822616577,
        0.9031999707221985,
        0.9057999849319458,
        0.9082000255584717,
        0.9016000032424927,
        0.9111999869346619
    ],
    "training_time_ms": 51944.5,
    "inference_time_ms": 0.5,
    "loss": 0.29229459166526794,
    "accuracy": 0.9111999869346619
}