{
    "loss_values": [
        0.9144431948661804,
        0.34372299909591675,
        0.28135931491851807,
        0.24738763272762299,
        0.22419442236423492,
        0.20655003190040588,
        0.1920126974582672,
        0.1805083155632019,
        0.16974054276943207,
        0.16028274595737457
    ],
    "accuracy_values": [
        0.7365833520889282,
        0.902400016784668,
        0.919533371925354,
        0.9295666813850403,
        0.9363333582878113,
        0.9416333436965942,
        0.9463000297546387,
        0.9492999911308289,
        0.9521333575248718,
        0.9546999931335449
    ],
    "val_loss_values": [
        0.3840523064136505,
        0.2947145998477936,
        0.2498096376657486,
        0.22891128063201904,
        0.21204420924186707,
        0.2001532018184662,
        0.18892106413841248,
        0.17733921110630035,
        0.16993293166160583,
        0.16266874969005585
    ],
    "val_accuracy_values": [
        0.8942999839782715,
        0.9182000160217285,
        0.9279999732971191,
        0.9348999857902527,
        0.9394000172615051,
        0.9426000118255615,
        0.9458000063896179,
        0.9480999708175659,
        0.9508000016212463,
        0.9521999955177307
    ],
    "training_time_ms": 106063.79999999702,
    "inference_time_ms": 22.700000002980232,
    "loss": 0.16266874969005585,
    "accuracy": 0.9521999955177307
}