{
    "loss_values": [
        15.464863367594779,
        11.884885893773964,
        8.279183342789022,
        5.9780858018893355,
        4.575360816504707,
        3.689778017004548,
        3.0400078626713345,
        2.5434000501288776,
        2.16659057400735,
        1.853150507588179
    ],
    "accuracy_values": [
        0.3028571428571429,
        0.6942857142857143,
        0.8228571428571428,
        0.8571428571428571,
        0.9142857142857143,
        0.94,
        0.9514285714285714,
        0.9571428571428572,
        0.9742857142857143,
        0.9885714285714285
    ],
    "val_loss_values": [
        14.662132357879349,
        11.64584437380396,
        9.29317656610354,
        7.905117058225992,
        7.142992987698774,
        6.632006043445046,
        6.282758530912031,
        6.013904687602086,
        5.8121682759066156,
        5.644580956911523
    ],
    "val_accuracy_values": [
        0.3603353960573734,
        0.6217461844391161,
        0.6985312064781978,
        0.73212824304728,
        0.7492569886143376,
        0.7586612873120935,
        0.7654811985814585,
        0.7699751611652715,
        0.7718416631968873,
        0.7748424241554078
    ],
    "training_time_ms": 57891.70000000298,
    "inference_time_ms": 5655.0999999940395,
    "loss": 5.644580956911523,
    "accuracy": 0.7748424241554078
}