{
    "loss_values": [
        14.390990322980162,
        9.24455196245093,
        5.788773947683741,
        4.224709789838049,
        3.337950090201279,
        2.7449433039086744,
        2.319088092235864,
        1.9829801281550594,
        1.714393229478555,
        1.4770070988066066
    ],
    "accuracy_values": [
        0.38142857142857145,
        0.7242857142857143,
        0.8528571428571429,
        0.91,
        0.9214285714285714,
        0.9485714285714286,
        0.9614285714285714,
        0.97,
        0.9785714285714285,
        0.9842857142857143
    ],
    "val_loss_values": [
        12.541013885729193,
        8.643542482772702,
        6.637716588303109,
        5.584802385202786,
        5.006861156299951,
        4.6151125766883645,
        4.394124092234146,
        4.283650317394024,
        4.173916421382829,
        4.114607257422696
    ],
    "val_accuracy_values": [
        0.5681755869493066,
        0.7009769260739693,
        0.7739505620571725,
        0.8093334680154115,
        0.8251489920489473,
        0.8346440785581322,
        0.8366354492849825,
        0.8333309282962236,
        0.8334175096321736,
        0.8310365228935482
    ],
    "training_time_ms": 59208.20000000298,
    "inference_time_ms": 5735.79999999702,
    "loss": 4.114607257422696,
    "accuracy": 0.8310365228935482
}