{
    "loss_values": [
        16.434791624338743,
        15.519456358278909,
        14.218465257206603,
        13.239535881088026,
        12.427091326314683,
        11.565201639760689,
        10.57057862723884,
        9.597916589147664,
        8.720720617800918,
        7.854386326561837
    ],
    "accuracy_values": [
        0.14285714285714285,
        0.32857142857142857,
        0.32857142857142857,
        0.45714285714285713,
        0.5142857142857142,
        0.5857142857142857,
        0.7,
        0.7857142857142857,
        0.8285714285714286,
        0.8571428571428571
    ],
    "val_loss_values": [
        16.010460341232847,
        15.169811199619607,
        14.791646090113227,
        14.222025247611308,
        13.830812601728022,
        13.408184436935054,
        12.993550920511757,
        12.595578251363818,
        12.260003897197137,
        11.920631383739945
    ],
    "val_accuracy_values": [
        0.21061362238842254,
        0.21108552960860302,
        0.29229647213602367,
        0.2885784152497533,
        0.3098714410330478,
        0.34749531667834516,
        0.3894092579616468,
        0.4272476368888444,
        0.46441390553275463,
        0.48697965078865707
    ],
    "training_time_ms": 57372.5,
    "inference_time_ms": 5680.69999999553,
    "loss": 11.920631383739945,
    "accuracy": 0.48697965078865707
}