{
    "loss_values": [
        16.52351824561191,
        15.449659597974868,
        14.232984541244724,
        13.372919432281613,
        12.599956962345987,
        11.888286438665263,
        11.200897744551023,
        10.552793975049712,
        9.849755781849607,
        9.215014483272881
    ],
    "accuracy_values": [
        0.12857142857142856,
        0.2714285714285714,
        0.35714285714285715,
        0.44285714285714284,
        0.5285714285714286,
        0.6,
        0.6,
        0.7142857142857143,
        0.7428571428571429,
        0.7714285714285715
    ],
    "val_loss_values": [
        15.777118831144335,
        15.14501846634666,
        14.67367504141882,
        14.275220033493895,
        13.874388021148876,
        13.518897621248346,
        13.16983564770601,
        12.832451416966885,
        12.528761313291477,
        12.244190639534342
    ],
    "val_accuracy_values": [
        0.12169486193138755,
        0.23942856325701783,
        0.31427590842139885,
        0.349340044902687,
        0.3750947389495059,
        0.3941855310386249,
        0.42753364126471133,
        0.45553346966208585,
        0.46700224513435057,
        0.49879163151196215
    ],
    "training_time_ms": 57196.19999999553,
    "inference_time_ms": 5683.29999999702,
    "loss": 12.244190639534342,
    "accuracy": 0.49879163151196215
}