{
    "loss_values": [
        15.123197281175718,
        9.422844414388045,
        6.053859597663716,
        4.437734937420591,
        3.5883737829913693,
        3.014061446683843,
        2.5901726767652664,
        2.247088833111856,
        1.9628399434301398,
        1.7132820117897027
    ],
    "accuracy_values": [
        0.3842857142857143,
        0.7828571428571428,
        0.8557142857142858,
        0.8957142857142857,
        0.9185714285714286,
        0.9342857142857143,
        0.9428571428571428,
        0.9571428571428572,
        0.9685714285714285,
        0.9742857142857143
    ],
    "val_loss_values": [
        12.863606434384316,
        8.660373595173379,
        6.507964594371329,
        5.50550123479254,
        4.926917422432662,
        4.56919650602153,
        4.360382542008253,
        4.2010758294773245,
        4.095388146844367,
        4.0056072373768465
    ],
    "val_accuracy_values": [
        0.604135701813879,
        0.685955064286642,
        0.7747297940807226,
        0.8091170146755364,
        0.8295069192917647,
        0.8381217622187911,
        0.8400698422776663,
        0.8408346440785581,
        0.839968830719058,
        0.8399544004963997
    ],
    "training_time_ms": 59514.60000000894,
    "inference_time_ms": 5725.4000000059605,
    "loss": 4.0056072373768465,
    "accuracy": 0.8399544004963997
}