{
    "loss_values": [
        15.40236182331858,
        12.671068367088381,
        9.430748611287061,
        7.056422264694302,
        5.5174458290850135,
        4.434367193985839,
        3.667664413981583,
        3.0818188835963385,
        2.6083614853890547,
        2.215233810606963
    ],
    "accuracy_values": [
        0.35428571428571426,
        0.6314285714285715,
        0.7628571428571429,
        0.8371428571428572,
        0.8828571428571429,
        0.9114285714285715,
        0.9371428571428572,
        0.9457142857142857,
        0.9685714285714285,
        0.9771428571428571
    ],
    "val_loss_values": [
        14.717158932071412,
        12.462508521482027,
        10.363883665345494,
        8.954167395476269,
        7.935565311239323,
        7.229529337676801,
        6.745676404896198,
        6.424909338422992,
        6.169882459867739,
        5.982810982099924
    ],
    "val_accuracy_values": [
        0.4774799351031601,
        0.6008700771008916,
        0.6708351878706084,
        0.7007997243320077,
        0.7251503969906244,
        0.7402259903229048,
        0.7532053582966015,
        0.7567229967408003,
        0.761173886200807,
        0.7639305661244239
    ],
    "training_time_ms": 57772.20000000298,
    "inference_time_ms": 5676.5,
    "loss": 5.982810982099924,
    "accuracy": 0.7639305661244239
}