{
    "loss_values": [
        0.8593253493309021,
        0.34511297941207886,
        0.29165443778038025,
        0.2572312355041504,
        0.2317028045654297,
        0.21160751581192017,
        0.19616588950157166,
        0.18323318660259247,
        0.17234298586845398,
        0.16253520548343658
    ],
    "accuracy_values": [
        0.7607499957084656,
        0.9025999903678894,
        0.9168000221252441,
        0.9263833165168762,
        0.9332166910171509,
        0.9391999840736389,
        0.9432833194732666,
        0.9472833275794983,
        0.9505500197410583,
        0.9528499841690063
    ],
    "val_loss_values": [
        0.3710933029651642,
        0.2951512336730957,
        0.26086342334747314,
        0.2370873987674713,
        0.21194924414157867,
        0.19947798550128937,
        0.18968850374221802,
        0.17808273434638977,
        0.1750509887933731,
        0.16369850933551788
    ],
    "val_accuracy_values": [
        0.8938000202178955,
        0.9151999950408936,
        0.9258000254631042,
        0.9311000108718872,
        0.9380999803543091,
        0.9416000247001648,
        0.9452000260353088,
        0.9472000002861023,
        0.9488000273704529,
        0.9516000151634216
    ],
    "training_time_ms": 191130.29999999702,
    "inference_time_ms": 0.30000000447034836,
    "loss": 0.16369850933551788,
    "accuracy": 0.9516000151634216
}