{
    "loss_values": [
        1.2783761024475098,
        0.4803575277328491,
        0.3757561445236206,
        0.33494967222213745,
        0.30808573961257935,
        0.2870469391345978,
        0.2677670419216156,
        0.25306838750839233,
        0.23961304128170013,
        0.22739596664905548
    ],
    "accuracy_values": [
        0.6326666474342346,
        0.8691666722297668,
        0.8943666815757751,
        0.9061333537101746,
        0.9133666753768921,
        0.9185667037963867,
        0.9253666996955872,
        0.9290000200271606,
        0.932366669178009,
        0.9354333281517029
    ],
    "val_loss_values": [
        0.677915632724762,
        0.48476409912109375,
        0.4244372546672821,
        0.38972583413124084,
        0.3620905876159668,
        0.34828832745552063,
        0.32498228549957275,
        0.32046154141426086,
        0.31068530678749084,
        0.298523485660553
    ],
    "val_accuracy_values": [
        0.8162000179290771,
        0.8614000082015991,
        0.878000020980835,
        0.8862000107765198,
        0.8938000202178955,
        0.9010000228881836,
        0.9053999781608582,
        0.9083999991416931,
        0.9107999801635742,
        0.9100000262260437
    ],
    "training_time_ms": 95377.10000000149,
    "inference_time_ms": 0.29999999701976776,
    "loss": 0.298523485660553,
    "accuracy": 0.9100000262260437
}