{
    "loss_values": [
        2.1223344802856445,
        1.4717034101486206,
        0.9052736759185791,
        0.6681687235832214,
        0.5539504885673523,
        0.483417809009552,
        0.43467843532562256,
        0.39839476346969604,
        0.3707868158817291,
        0.348687082529068
    ],
    "accuracy_values": [
        0.29466667771339417,
        0.6838333010673523,
        0.7883332967758179,
        0.8316666483879089,
        0.8566666841506958,
        0.8743333220481873,
        0.8844999670982361,
        0.8948333263397217,
        0.9003333449363708,
        0.9068333506584167
    ],
    "val_loss_values": [
        1.910438895225525,
        1.237768530845642,
        0.873126745223999,
        0.7133431434631348,
        0.619232177734375,
        0.5555181503295898,
        0.5079744458198547,
        0.47882887721061707,
        0.4482811391353607,
        0.42856737971305847
    ],
    "val_accuracy_values": [
        0.5619999766349792,
        0.6869999766349792,
        0.7870000004768372,
        0.8029999732971191,
        0.8270000219345093,
        0.8399999737739563,
        0.8539999723434448,
        0.8600000143051147,
        0.8700000047683716,
        0.878000020980835
    ],
    "training_time_ms": 19293.29999999702,
    "inference_time_ms": 0.30000000447034836,
    "loss": 0.42856737971305847,
    "accuracy": 0.878000020980835
}