{
    "loss_values": [
        2.167156457901001,
        1.6072808504104614,
        1.0123584270477295,
        0.7087700963020325,
        0.5713337063789368,
        0.4939773380756378,
        0.442261666059494,
        0.40766286849975586,
        0.3806408941745758,
        0.357482373714447
    ],
    "accuracy_values": [
        0.320166677236557,
        0.578000009059906,
        0.7426666617393494,
        0.8144999742507935,
        0.8491666316986084,
        0.8671666383743286,
        0.8826666474342346,
        0.8884999752044678,
        0.8946666717529297,
        0.9018332958221436
    ],
    "val_loss_values": [
        1.9985018968582153,
        1.3667014837265015,
        0.9112082719802856,
        0.7167931795120239,
        0.6096968650817871,
        0.5496748685836792,
        0.5017151236534119,
        0.4757545292377472,
        0.4506097733974457,
        0.4318932890892029
    ],
    "val_accuracy_values": [
        0.46399998664855957,
        0.6269999742507935,
        0.753000020980835,
        0.7940000295639038,
        0.8270000219345093,
        0.8420000076293945,
        0.8510000109672546,
        0.859000027179718,
        0.8669999837875366,
        0.8820000290870667
    ],
    "training_time_ms": 19161.5,
    "inference_time_ms": 0.30000000447034836,
    "loss": 0.4318932890892029,
    "accuracy": 0.8820000290870667
}