{
    "loss_values": [
        0.8207489848136902,
        0.33419427275657654,
        0.28030622005462646,
        0.2464245706796646,
        0.22136123478412628,
        0.20082473754882812,
        0.18409472703933716,
        0.1694776862859726,
        0.15738673508167267,
        0.14706951379776
    ],
    "accuracy_values": [
        0.7798833250999451,
        0.9042500257492065,
        0.9190999865531921,
        0.9291000366210938,
        0.9366833567619324,
        0.9428666830062866,
        0.9477333426475525,
        0.9513166546821594,
        0.9549999833106995,
        0.9575666785240173
    ],
    "val_loss_values": [
        0.3740205466747284,
        0.29344111680984497,
        0.26059749722480774,
        0.23123329877853394,
        0.20998935401439667,
        0.19506609439849854,
        0.18069204688072205,
        0.1653212010860443,
        0.1603124439716339,
        0.15690475702285767
    ],
    "val_accuracy_values": [
        0.8921999931335449,
        0.9154000282287598,
        0.9229000210762024,
        0.9325000047683716,
        0.9387000203132629,
        0.9448000192642212,
        0.946399986743927,
        0.9508000016212463,
        0.953000009059906,
        0.9545999765396118
    ],
    "training_time_ms": 191848.3999999985,
    "inference_time_ms": 0.19999999552965164,
    "loss": 0.15690475702285767,
    "accuracy": 0.9545999765396118
}