{
    "loss_values": [
        1.313283085823059,
        0.4479994773864746,
        0.35560959577560425,
        0.31461191177368164,
        0.28725194931030273,
        0.26680052280426025,
        0.2495274841785431,
        0.23524074256420135,
        0.22273460030555725,
        0.21118111908435822
    ],
    "accuracy_values": [
        0.6247666478157043,
        0.8775666952133179,
        0.9001666903495789,
        0.9120333194732666,
        0.9200000166893005,
        0.9249666929244995,
        0.9303333163261414,
        0.933733344078064,
        0.9373666644096375,
        0.9401333332061768
    ],
    "val_loss_values": [
        0.6435190439224243,
        0.46332988142967224,
        0.39781010150909424,
        0.3736319839954376,
        0.33819708228111267,
        0.32592085003852844,
        0.31393298506736755,
        0.3122590482234955,
        0.28637999296188354,
        0.2789514362812042
    ],
    "val_accuracy_values": [
        0.8173999786376953,
        0.8664000034332275,
        0.885200023651123,
        0.8924000263214111,
        0.8992000222206116,
        0.9067999720573425,
        0.9065999984741211,
        0.9100000262260437,
        0.9147999882698059,
        0.9161999821662903
    ],
    "training_time_ms": 96006.29999999702,
    "inference_time_ms": 0.19999999552965164,
    "loss": 0.2789514362812042,
    "accuracy": 0.9161999821662903
}