{
    "loss_values": [
        1.1140472888946533,
        0.4282003939151764,
        0.34779590368270874,
        0.30707496404647827,
        0.2787516415119171,
        0.25836828351020813,
        0.24014122784137726,
        0.2252100110054016,
        0.21231670677661896,
        0.20138904452323914
    ],
    "accuracy_values": [
        0.6990333199501038,
        0.8811333179473877,
        0.9018333554267883,
        0.9130333662033081,
        0.921333372592926,
        0.9261000156402588,
        0.9323999881744385,
        0.9350333213806152,
        0.9396666884422302,
        0.9429333209991455
    ],
    "val_loss_values": [
        0.5871618390083313,
        0.4441581070423126,
        0.3884643316268921,
        0.3610280454158783,
        0.3354371190071106,
        0.3161148428916931,
        0.3008563220500946,
        0.28649118542671204,
        0.2785860300064087,
        0.2695291340351105
    ],
    "val_accuracy_values": [
        0.8349999785423279,
        0.8733999729156494,
        0.8880000114440918,
        0.8967999815940857,
        0.9043999910354614,
        0.9085999727249146,
        0.9143999814987183,
        0.9172000288963318,
        0.9175999760627747,
        0.9205999970436096
    ],
    "training_time_ms": 95251.60000000149,
    "inference_time_ms": 0.20000000298023224,
    "loss": 0.2695291340351105,
    "accuracy": 0.9205999970436096
}