{
    "loss_values": [
        2.116060256958008,
        1.5787956714630127,
        1.0130064487457275,
        0.7062662839889526,
        0.5628364086151123,
        0.48104792833328247,
        0.4276236593723297,
        0.3903343379497528,
        0.3628575801849365,
        0.3412269353866577
    ],
    "accuracy_values": [
        0.3176666498184204,
        0.6341666579246521,
        0.7561666369438171,
        0.8221666812896729,
        0.8496666550636292,
        0.8694999814033508,
        0.8844999670982361,
        0.8933333158493042,
        0.9004999995231628,
        0.906333327293396
    ],
    "val_loss_values": [
        1.9215521812438965,
        1.3420835733413696,
        0.9048507213592529,
        0.6875482201576233,
        0.5937281847000122,
        0.5238730907440186,
        0.48679038882255554,
        0.45134830474853516,
        0.4318792223930359,
        0.4163800776004791
    ],
    "val_accuracy_values": [
        0.49300000071525574,
        0.6769999861717224,
        0.7570000290870667,
        0.8149999976158142,
        0.8399999737739563,
        0.8579999804496765,
        0.8629999756813049,
        0.8629999756813049,
        0.878000020980835,
        0.8799999952316284
    ],
    "training_time_ms": 19157.29999999702,
    "inference_time_ms": 0.20000000298023224,
    "loss": 0.4163800776004791,
    "accuracy": 0.8799999952316284
}