{
    "loss_values": [
        0.8349524736404419,
        0.35146284103393555,
        0.3022286593914032,
        0.2726777493953705,
        0.24845772981643677,
        0.2277674376964569,
        0.20942558348178864,
        0.19345884025096893,
        0.17973951995372772,
        0.16760100424289703
    ],
    "accuracy_values": [
        0.7678666710853577,
        0.9003999829292297,
        0.9139833450317383,
        0.9219333529472351,
        0.9291333556175232,
        0.9352166652679443,
        0.9405666589736938,
        0.9455000162124634,
        0.9487333297729492,
        0.9523167014122009
    ],
    "val_loss_values": [
        0.37705299258232117,
        0.30801287293434143,
        0.2770899832248688,
        0.2565789520740509,
        0.22972899675369263,
        0.22112907469272614,
        0.19788089394569397,
        0.18556474149227142,
        0.17333832383155823,
        0.16735823452472687
    ],
    "val_accuracy_values": [
        0.8928999900817871,
        0.9117000102996826,
        0.9179999828338623,
        0.9259999990463257,
        0.9329000115394592,
        0.9340999722480774,
        0.9424999952316284,
        0.9459999799728394,
        0.9487000107765198,
        0.9487000107765198
    ],
    "training_time_ms": 191453.29999999702,
    "inference_time_ms": 0.10000000149011612,
    "loss": 0.16735823452472687,
    "accuracy": 0.9487000107765198
}