{
    "loss_values": [
        1.1161783933639526,
        0.4251733422279358,
        0.34246858954429626,
        0.3047226369380951,
        0.2805592119693756,
        0.26139870285987854,
        0.24461622536182404,
        0.22962506115436554,
        0.21773305535316467,
        0.20590701699256897
    ],
    "accuracy_values": [
        0.6858999729156494,
        0.8795333504676819,
        0.9017333388328552,
        0.9120333194732666,
        0.9196333289146423,
        0.9238666892051697,
        0.9295666813850403,
        0.9333000183105469,
        0.9379666447639465,
        0.9407666921615601
    ],
    "val_loss_values": [
        0.5924046635627747,
        0.44801026582717896,
        0.3931124806404114,
        0.3674531877040863,
        0.34771960973739624,
        0.3246956467628479,
        0.3069530129432678,
        0.29741305112838745,
        0.2953522205352783,
        0.2797360122203827
    ],
    "val_accuracy_values": [
        0.829800009727478,
        0.8686000108718872,
        0.8827999830245972,
        0.8917999863624573,
        0.897599995136261,
        0.9031999707221985,
        0.9107999801635742,
        0.9129999876022339,
        0.9132000207901001,
        0.9190000295639038
    ],
    "training_time_ms": 27332.9758644104,
    "inference_time_ms": 296.63825035095215,
    "loss": 0.2797360122203827,
    "accuracy": 0.9190000295639038
}