{
    "loss_values": [
        0.7839916944503784,
        0.32525840401649475,
        0.27258288860321045,
        0.24125096201896667,
        0.21787649393081665,
        0.19994725286960602,
        0.1847914755344391,
        0.17243625223636627,
        0.16207212209701538,
        0.1531263291835785
    ],
    "accuracy_values": [
        0.7767166495323181,
        0.9067999720573425,
        0.9209833145141602,
        0.9309333562850952,
        0.9374499917030334,
        0.9415500164031982,
        0.9462000131607056,
        0.9492499828338623,
        0.9520166516304016,
        0.9552833437919617
    ],
    "val_loss_values": [
        0.35390180349349976,
        0.2765011787414551,
        0.24681641161441803,
        0.2237953096628189,
        0.20347490906715393,
        0.19185374677181244,
        0.17851006984710693,
        0.17122814059257507,
        0.16371141374111176,
        0.16071249544620514
    ],
    "val_accuracy_values": [
        0.8981000185012817,
        0.9203000068664551,
        0.9283999800682068,
        0.9344000220298767,
        0.940500020980835,
        0.9433000087738037,
        0.9473000168800354,
        0.9495000243186951,
        0.9510999917984009,
        0.9513000249862671
    ],
    "training_time_ms": 52755.62882423401,
    "inference_time_ms": 252.8383731842041,
    "loss": 0.16071249544620514,
    "accuracy": 0.9513000249862671
}