{
    "loss_values": [
        2.003488302230835,
        1.2974404096603394,
        0.8297390937805176,
        0.6170667409896851,
        0.5112559795379639,
        0.44808098673820496,
        0.4067654609680176,
        0.37573251128196716,
        0.3532603681087494,
        0.3347971737384796
    ],
    "accuracy_values": [
        0.4091666638851166,
        0.6880000233650208,
        0.7943333387374878,
        0.8410000205039978,
        0.8673333525657654,
        0.8805000185966492,
        0.8901666402816772,
        0.8956666588783264,
        0.9045000076293945,
        0.9075000286102295
    ],
    "val_loss_values": [
        1.7377208471298218,
        1.1373957395553589,
        0.8242778778076172,
        0.6731560230255127,
        0.5883172154426575,
        0.5339842438697815,
        0.4986559748649597,
        0.4661538004875183,
        0.4512169361114502,
        0.4226575791835785
    ],
    "val_accuracy_values": [
        0.5609999895095825,
        0.6779999732971191,
        0.7620000243186951,
        0.8019999861717224,
        0.8270000219345093,
        0.8410000205039978,
        0.8560000061988831,
        0.8629999756813049,
        0.8619999885559082,
        0.8700000047683716
    ],
    "training_time_ms": 7075.13427734375,
    "inference_time_ms": 250.9465217590332,
    "loss": 0.4226575791835785,
    "accuracy": 0.8700000047683716
}