{
    "loss_values": [
        14.334277522363347,
        8.26164869888918,
        5.470848672927254,
        4.202117914291187,
        3.4146488063977425,
        2.8541371501560135,
        2.4282491143454212,
        2.0811357441616645,
        1.7959684670984664,
        1.5511846205735336
    ],
    "accuracy_values": [
        0.4685714285714286,
        0.7928571428571428,
        0.8571428571428571,
        0.8928571428571429,
        0.9171428571428571,
        0.9371428571428572,
        0.9528571428571428,
        0.9628571428571429,
        0.9714285714285714,
        0.9842857142857143
    ],
    "val_loss_values": [
        11.450863735984573,
        7.728260758536443,
        6.186985224327479,
        5.450736633444813,
        4.941196431924426,
        4.578802092328281,
        4.309563743599674,
        4.12474988350668,
        3.981313555479371,
        3.886299950286693
    ],
    "val_accuracy_values": [
        0.6478448462459776,
        0.760083118082512,
        0.8029697398230855,
        0.8180637527237046,
        0.8278763041313727,
        0.8345286367768655,
        0.8402574351722247,
        0.8428837356960418,
        0.8440814441766836,
        0.8436196770516169
    ],
    "training_time_ms": 59203.29999999702,
    "inference_time_ms": 5730.29999999702,
    "loss": 3.886299950286693,
    "accuracy": 0.8436196770516169
}