{
    "loss_values": [
        15.739044384060007,
        13.097152226063244,
        9.973232344555015,
        7.554418284443112,
        5.950099360704371,
        4.833112239684918,
        3.9510298944945257,
        3.3073701296122153,
        2.763829964584536,
        2.323347006612928
    ],
    "accuracy_values": [
        0.26857142857142857,
        0.6057142857142858,
        0.7485714285714286,
        0.8085714285714286,
        0.8742857142857143,
        0.9085714285714286,
        0.9314285714285714,
        0.9542857142857143,
        0.9714285714285714,
        0.9828571428571429
    ],
    "val_loss_values": [
        15.063723509635105,
        12.79032571049237,
        10.646155710141205,
        9.137745138212484,
        8.10945013128995,
        7.3519013692350255,
        6.798294658217645,
        6.360305277749505,
        6.0415636603892136,
        5.790890370639346
    ],
    "val_accuracy_values": [
        0.3664374219299631,
        0.566124423896969,
        0.6685953854326695,
        0.713061206908929,
        0.7345977688121869,
        0.7515972950078249,
        0.764303866530747,
        0.7730620683714052,
        0.7786902898821232,
        0.7836149837040015
    ],
    "training_time_ms": 57832.09999999404,
    "inference_time_ms": 5679.899999991059,
    "loss": 5.790890370639346,
    "accuracy": 0.7836149837040015
}