{
    "loss_values": [
        16.390775730853647,
        15.64807851281667,
        14.837457198411236,
        13.684983111845549,
        12.472629341802755,
        11.44613010074125,
        10.372254585257307,
        9.380799423980063,
        8.528026539899855,
        7.813481325124956
    ],
    "accuracy_values": [
        0.2,
        0.32857142857142857,
        0.38571428571428573,
        0.4714285714285714,
        0.5714285714285714,
        0.6857142857142857,
        0.7428571428571429,
        0.8,
        0.8142857142857143,
        0.8285714285714286
    ],
    "val_loss_values": [
        16.163941905963643,
        15.612679244882907,
        15.017377368645555,
        14.27585390089196,
        13.712812389011939,
        13.198899590145185,
        12.646420305883247,
        12.193085503383802,
        11.842859077497131,
        11.467930149044514
    ],
    "val_accuracy_values": [
        0.19351056071157888,
        0.21783523287906306,
        0.2830156301391411,
        0.35211428734859646,
        0.41170329906047565,
        0.4347838521929385,
        0.46408500050050766,
        0.4792289322026627,
        0.49491627221896495,
        0.5103033076406069
    ],
    "training_time_ms": 57292.60000000149,
    "inference_time_ms": 5689.29999999702,
    "loss": 11.467930149044514,
    "accuracy": 0.5103033076406069
}