{
    "loss_values": [
        1.9483461380004883,
        1.2190792560577393,
        0.7772953510284424,
        0.5960395932197571,
        0.5021699070930481,
        0.4447157382965088,
        0.4062648117542267,
        0.37655359506607056,
        0.3543374836444855,
        0.3349331319332123
    ],
    "accuracy_values": [
        0.3948333263397217,
        0.700166642665863,
        0.8018333315849304,
        0.8414999842643738,
        0.862666666507721,
        0.8773333430290222,
        0.8888333439826965,
        0.8941666483879089,
        0.9006666541099548,
        0.9054999947547913
    ],
    "val_loss_values": [
        1.676605224609375,
        1.0556433200836182,
        0.782099723815918,
        0.6515864133834839,
        0.5775562524795532,
        0.5275425910949707,
        0.4965245723724365,
        0.4755033850669861,
        0.4507596492767334,
        0.43741196393966675
    ],
    "val_accuracy_values": [
        0.5580000281333923,
        0.7289999723434448,
        0.7799999713897705,
        0.8149999976158142,
        0.8289999961853027,
        0.8450000286102295,
        0.8539999723434448,
        0.8600000143051147,
        0.8709999918937683,
        0.8700000047683716
    ],
    "training_time_ms": 7237.971782684326,
    "inference_time_ms": 306.08177185058594,
    "loss": 0.43741196393966675,
    "accuracy": 0.8700000047683716
}