{
    "loss_values": [
        1.0547219514846802,
        0.41370025277137756,
        0.34172162413597107,
        0.30787351727485657,
        0.28540050983428955,
        0.26701459288597107,
        0.25196102261543274,
        0.23759686946868896,
        0.2249574214220047,
        0.2128571718931198
    ],
    "accuracy_values": [
        0.7036333084106445,
        0.8867666721343994,
        0.9039000272750854,
        0.9126333594322205,
        0.9190666675567627,
        0.9228666424751282,
        0.9277333617210388,
        0.9322666525840759,
        0.9347333312034607,
        0.9386333227157593
    ],
    "val_loss_values": [
        0.5785073041915894,
        0.4487508237361908,
        0.39586323499679565,
        0.3752705454826355,
        0.34734514355659485,
        0.3256346881389618,
        0.3104560077190399,
        0.31499606370925903,
        0.3046287000179291,
        0.2819650173187256
    ],
    "val_accuracy_values": [
        0.8402000069618225,
        0.8659999966621399,
        0.8805999755859375,
        0.8903999924659729,
        0.8966000080108643,
        0.9067999720573425,
        0.9092000126838684,
        0.9085999727249146,
        0.9118000268936157,
        0.9161999821662903
    ],
    "training_time_ms": 27347.38802909851,
    "inference_time_ms": 253.69644165039062,
    "loss": 0.2819650173187256,
    "accuracy": 0.9161999821662903
}