{
    "loss_values": [
        0.8333432674407959,
        0.33598265051841736,
        0.2799522280693054,
        0.24728086590766907,
        0.22404278814792633,
        0.2061624974012375,
        0.1914430409669876,
        0.17918150126934052,
        0.16887259483337402,
        0.1593519002199173
    ],
    "accuracy_values": [
        0.7674333453178406,
        0.9033833146095276,
        0.9200833439826965,
        0.9290333390235901,
        0.9359999895095825,
        0.9412500262260437,
        0.9448833465576172,
        0.9487000107765198,
        0.9520666599273682,
        0.954800009727478
    ],
    "val_loss_values": [
        0.36655211448669434,
        0.28851333260536194,
        0.2543189823627472,
        0.2302801012992859,
        0.21175351738929749,
        0.19779329001903534,
        0.19662608206272125,
        0.1786213368177414,
        0.16849078238010406,
        0.16386818885803223
    ],
    "val_accuracy_values": [
        0.899399995803833,
        0.9172000288963318,
        0.9253000020980835,
        0.9344000220298767,
        0.9379000067710876,
        0.9419999718666077,
        0.9444000124931335,
        0.948199987411499,
        0.95169997215271,
        0.9509999752044678
    ],
    "training_time_ms": 52902.13203430176,
    "inference_time_ms": 264.05930519104004,
    "loss": 0.16386818885803223,
    "accuracy": 0.9509999752044678
}