{
    "loss_values": [
        0.7629052996635437,
        0.3325788676738739,
        0.28187796473503113,
        0.25028860569000244,
        0.22638604044914246,
        0.206886425614357,
        0.1912298947572708,
        0.17776532471179962,
        0.16599500179290771,
        0.15630729496479034
    ],
    "accuracy_values": [
        0.7816666960716248,
        0.9035000205039978,
        0.9185000061988831,
        0.9265333414077759,
        0.9345999956130981,
        0.9402666687965393,
        0.9442999958992004,
        0.9486333131790161,
        0.9520000219345093,
        0.9544166922569275
    ],
    "val_loss_values": [
        0.36439380049705505,
        0.29003337025642395,
        0.2541097104549408,
        0.2375723123550415,
        0.2129727602005005,
        0.19878961145877838,
        0.18656393885612488,
        0.1755785346031189,
        0.16863387823104858,
        0.15749600529670715
    ],
    "val_accuracy_values": [
        0.8984000086784363,
        0.9169999957084656,
        0.9262999892234802,
        0.9312999844551086,
        0.9388999938964844,
        0.9422000050544739,
        0.9455000162124634,
        0.948199987411499,
        0.9502000212669373,
        0.9534000158309937
    ],
    "training_time_ms": 52028.00965309143,
    "inference_time_ms": 258.5568428039551,
    "loss": 0.15749600529670715,
    "accuracy": 0.9534000158309937
}