{
    "loss_values": [
        1.9061275720596313,
        1.1884338855743408,
        0.7960691452026367,
        0.6062273979187012,
        0.5010935664176941,
        0.43898770213127136,
        0.3971850275993347,
        0.3680894672870636,
        0.34626322984695435,
        0.327294260263443
    ],
    "accuracy_values": [
        0.4620000123977661,
        0.7083333134651184,
        0.8050000071525574,
        0.8521666526794434,
        0.8725000023841858,
        0.8855000138282776,
        0.8945000171661377,
        0.9001666903495789,
        0.906166672706604,
        0.9104999899864197
    ],
    "val_loss_values": [
        1.5861008167266846,
        1.0421823263168335,
        0.7686081528663635,
        0.6183322668075562,
        0.5442906618118286,
        0.4924507737159729,
        0.45298469066619873,
        0.427664190530777,
        0.4146569073200226,
        0.40378090739250183
    ],
    "val_accuracy_values": [
        0.6000000238418579,
        0.7229999899864197,
        0.7950000166893005,
        0.8309999704360962,
        0.8519999980926514,
        0.8640000224113464,
        0.8740000128746033,
        0.8740000128746033,
        0.8740000128746033,
        0.8790000081062317
    ],
    "training_time_ms": 7583.11915397644,
    "inference_time_ms": 276.64780616760254,
    "loss": 0.40378090739250183,
    "accuracy": 0.8790000081062317
}