{
    "loss_values": [
        1.2257466316223145,
        0.4552604556083679,
        0.36076515913009644,
        0.3225264251232147,
        0.2979406714439392,
        0.2793084383010864,
        0.2620321214199066,
        0.2478461116552353,
        0.2352127730846405,
        0.22400200366973877
    ],
    "accuracy_values": [
        0.6525999903678894,
        0.8775333166122437,
        0.8991666436195374,
        0.9103000164031982,
        0.9168333411216736,
        0.92166668176651,
        0.926800012588501,
        0.9302666783332825,
        0.9345666766166687,
        0.9366999864578247
    ],
    "val_loss_values": [
        0.6482065916061401,
        0.4585610330104828,
        0.4108828604221344,
        0.3795769214630127,
        0.3607679009437561,
        0.34551000595092773,
        0.3358297646045685,
        0.3174547553062439,
        0.30582189559936523,
        0.29650670289993286
    ],
    "val_accuracy_values": [
        0.8248000144958496,
        0.8705999851226807,
        0.878000020980835,
        0.8862000107765198,
        0.8948000073432922,
        0.8999999761581421,
        0.90420001745224,
        0.9052000045776367,
        0.9118000268936157,
        0.9114000201225281
    ],
    "training_time_ms": 27256.906747817993,
    "inference_time_ms": 258.24713706970215,
    "loss": 0.29650670289993286,
    "accuracy": 0.9114000201225281
}