{
    "loss_values": [
        0.7693686485290527,
        0.3202977478504181,
        0.26192086935043335,
        0.22911615669727325,
        0.20589451491832733,
        0.18832872807979584,
        0.17437930405139923,
        0.1627545803785324,
        0.15333566069602966,
        0.14522364735603333
    ],
    "accuracy_values": [
        0.7827500104904175,
        0.908466637134552,
        0.924833357334137,
        0.9327333569526672,
        0.9401999711990356,
        0.9449999928474426,
        0.949733316898346,
        0.9525333046913147,
        0.9556166529655457,
        0.9575166702270508
    ],
    "val_loss_values": [
        0.34923458099365234,
        0.26983702182769775,
        0.2314147651195526,
        0.20925049483776093,
        0.18790918588638306,
        0.1798993945121765,
        0.16711853444576263,
        0.15833286941051483,
        0.14977584779262543,
        0.14681074023246765
    ],
    "val_accuracy_values": [
        0.9014999866485596,
        0.9197999835014343,
        0.9319999814033508,
        0.9380999803543091,
        0.9445000290870667,
        0.9469000101089478,
        0.9498999714851379,
        0.9528999924659729,
        0.954800009727478,
        0.9559999704360962
    ],
    "training_time_ms": 52786.08155250549,
    "inference_time_ms": 254.13036346435547,
    "loss": 0.14681074023246765,
    "accuracy": 0.9559999704360962
}