{
    "loss_values": [
        1.9816113710403442,
        1.3018059730529785,
        0.8379307389259338,
        0.623811662197113,
        0.5185534954071045,
        0.4535025954246521,
        0.4095228314399719,
        0.378146767616272,
        0.3535171449184418,
        0.3341001868247986
    ],
    "accuracy_values": [
        0.39383333921432495,
        0.7049999833106995,
        0.7994999885559082,
        0.8374999761581421,
        0.8640000224113464,
        0.874666690826416,
        0.8870000243186951,
        0.8960000276565552,
        0.9045000076293945,
        0.9096666574478149
    ],
    "val_loss_values": [
        1.7087392807006836,
        1.116870403289795,
        0.7818793654441833,
        0.6460235714912415,
        0.5521331429481506,
        0.5020424127578735,
        0.4776451289653778,
        0.44141215085983276,
        0.42021533846855164,
        0.40024054050445557
    ],
    "val_accuracy_values": [
        0.5609999895095825,
        0.7129999995231628,
        0.7929999828338623,
        0.8169999718666077,
        0.843999981880188,
        0.8560000061988831,
        0.847000002861023,
        0.8700000047683716,
        0.8700000047683716,
        0.8790000081062317
    ],
    "training_time_ms": 7207.934856414795,
    "inference_time_ms": 257.7238082885742,
    "loss": 0.40024054050445557,
    "accuracy": 0.8790000081062317
}