{
    "loss_values": [
        1.0248788595199585,
        0.41683581471443176,
        0.3448859751224518,
        0.3104201853275299,
        0.2866708040237427,
        0.26750895380973816,
        0.25078731775283813,
        0.23585696518421173,
        0.22190771996974945,
        0.20968958735466003
    ],
    "accuracy_values": [
        0.7031999826431274,
        0.8830333352088928,
        0.9026333093643188,
        0.9120333194732666,
        0.9192333221435547,
        0.9232333302497864,
        0.9283666610717773,
        0.9319999814033508,
        0.9369999766349792,
        0.9398666620254517
    ],
    "val_loss_values": [
        0.5773235559463501,
        0.4503425657749176,
        0.3968628942966461,
        0.36595433950424194,
        0.3404264748096466,
        0.327361136674881,
        0.31550106406211853,
        0.2940649092197418,
        0.2822173237800598,
        0.27574604749679565
    ],
    "val_accuracy_values": [
        0.8388000130653381,
        0.8673999905586243,
        0.883400022983551,
        0.8930000066757202,
        0.9021999835968018,
        0.907800018787384,
        0.9093999862670898,
        0.9160000085830688,
        0.9193999767303467,
        0.9187999963760376
    ],
    "training_time_ms": 27593.546390533447,
    "inference_time_ms": 290.2417182922363,
    "loss": 0.27574604749679565,
    "accuracy": 0.9187999963760376
}