{
    "loss_values": [
        0.8332300782203674,
        0.3381020426750183,
        0.2878735661506653,
        0.25691869854927063,
        0.23262910544872284,
        0.212999165058136,
        0.19691474735736847,
        0.1836542934179306,
        0.17308135330677032,
        0.1633671224117279
    ],
    "accuracy_values": [
        0.7696166634559631,
        0.9028500318527222,
        0.9165833592414856,
        0.9259499907493591,
        0.9330333471298218,
        0.9387833476066589,
        0.9434833526611328,
        0.9462000131607056,
        0.9495000243186951,
        0.9523666501045227
    ],
    "val_loss_values": [
        0.3668705224990845,
        0.2944575846195221,
        0.25973910093307495,
        0.2355385720729828,
        0.21413393318653107,
        0.19964034855365753,
        0.19496595859527588,
        0.1766514778137207,
        0.1719454973936081,
        0.1616854965686798
    ],
    "val_accuracy_values": [
        0.9003000259399414,
        0.9179999828338623,
        0.9258999824523926,
        0.9311000108718872,
        0.9387000203132629,
        0.9415000081062317,
        0.9435999989509583,
        0.9474999904632568,
        0.9498000144958496,
        0.9523000121116638
    ],
    "training_time_ms": 191970.29999999702,
    "inference_time_ms": 0.30000000447034836,
    "loss": 0.1616854965686798,
    "accuracy": 0.9523000121116638
}