{
    "loss_values": [
        2.0920145511627197,
        1.5203781127929688,
        0.9904865026473999,
        0.70247882604599,
        0.5621920824050903,
        0.48263949155807495,
        0.43299320340156555,
        0.39745572209358215,
        0.37220388650894165,
        0.3520086705684662
    ],
    "accuracy_values": [
        0.34816667437553406,
        0.5888333320617676,
        0.7860000133514404,
        0.8368332982063293,
        0.85916668176651,
        0.875166654586792,
        0.8846666812896729,
        0.89083331823349,
        0.8984999656677246,
        0.9048333168029785
    ],
    "val_loss_values": [
        1.8829244375228882,
        1.3100934028625488,
        0.8984583616256714,
        0.7089290022850037,
        0.5995212197303772,
        0.5537281036376953,
        0.5072190165519714,
        0.4750446677207947,
        0.4581308960914612,
        0.4387502670288086
    ],
    "val_accuracy_values": [
        0.4359999895095825,
        0.6769999861717224,
        0.7870000004768372,
        0.8130000233650208,
        0.8330000042915344,
        0.8450000286102295,
        0.8500000238418579,
        0.8550000190734863,
        0.8740000128746033,
        0.8690000176429749
    ],
    "training_time_ms": 19104,
    "inference_time_ms": 0.30000000447034836,
    "loss": 0.4387502670288086,
    "accuracy": 0.8690000176429749
}