{
    "loss_values": [
        1.1297881603240967,
        0.41412222385406494,
        0.3384976387023926,
        0.30237293243408203,
        0.277073472738266,
        0.25788623094558716,
        0.24235482513904572,
        0.22777695953845978,
        0.21665644645690918,
        0.2053934633731842
    ],
    "accuracy_values": [
        0.695900022983551,
        0.8871666789054871,
        0.9043333530426025,
        0.9143333435058594,
        0.9206333160400391,
        0.9271667003631592,
        0.930066704750061,
        0.9346666932106018,
        0.9378666877746582,
        0.941266655921936
    ],
    "val_loss_values": [
        0.5762740969657898,
        0.43527430295944214,
        0.3892725706100464,
        0.3605883717536926,
        0.32997167110443115,
        0.3209333121776581,
        0.3103639483451843,
        0.2865636348724365,
        0.27974650263786316,
        0.2732371687889099
    ],
    "val_accuracy_values": [
        0.8396000266075134,
        0.8744000196456909,
        0.885200023651123,
        0.8967999815940857,
        0.906000018119812,
        0.909600019454956,
        0.9115999937057495,
        0.9151999950408936,
        0.9164000153541565,
        0.9178000092506409
    ],
    "training_time_ms": 95531.19999999553,
    "inference_time_ms": 0.20000000298023224,
    "loss": 0.2732371687889099,
    "accuracy": 0.9178000092506409
}