{
    "loss_values": [
        2.0912320613861084,
        1.444730281829834,
        0.8904112577438354,
        0.6380945444107056,
        0.5170952677726746,
        0.4487909972667694,
        0.40661874413490295,
        0.3769718110561371,
        0.35557821393013,
        0.3364238142967224
    ],
    "accuracy_values": [
        0.359333336353302,
        0.6461666822433472,
        0.7964999675750732,
        0.8488333225250244,
        0.8686666488647461,
        0.8796666860580444,
        0.8891666531562805,
        0.8946666717529297,
        0.9014999866485596,
        0.906499981880188
    ],
    "val_loss_values": [
        1.8672136068344116,
        1.198347806930542,
        0.8376640677452087,
        0.6543272137641907,
        0.5655924081802368,
        0.5180097222328186,
        0.47736236453056335,
        0.4500639736652374,
        0.4285596013069153,
        0.42816096544265747
    ],
    "val_accuracy_values": [
        0.4930000305175781,
        0.690000057220459,
        0.7690000534057617,
        0.8230000138282776,
        0.8390000462532043,
        0.8440000414848328,
        0.8540000319480896,
        0.859000027179718,
        0.8670000433921814,
        0.8660000562667847
    ],
    "training_time_ms": 4567.60000000149,
    "inference_time_ms": 7.5,
    "loss": 0.42816096544265747,
    "accuracy": 0.8660000562667847
}