{
    "loss_values": [
        1.3188800811767578,
        0.46511825919151306,
        0.3618009686470032,
        0.32026180624961853,
        0.2927759885787964,
        0.2722991704940796,
        0.2543657720088959,
        0.23880384862422943,
        0.2258453220129013,
        0.21444649994373322
    ],
    "accuracy_values": [
        0.6049667000770569,
        0.872866690158844,
        0.899399995803833,
        0.9097999930381775,
        0.9174333214759827,
        0.9226333498954773,
        0.9273666739463806,
        0.9321666955947876,
        0.9354000091552734,
        0.9378333687782288
    ],
    "val_loss_values": [
        0.6936332583427429,
        0.4751843512058258,
        0.40959039330482483,
        0.39250943064689636,
        0.3516177237033844,
        0.33699119091033936,
        0.32293909788131714,
        0.308818519115448,
        0.2874132990837097,
        0.288908988237381
    ],
    "val_accuracy_values": [
        0.7980000376701355,
        0.8616000413894653,
        0.878000020980835,
        0.8820000290870667,
        0.8998000621795654,
        0.9012000560760498,
        0.9080000519752502,
        0.909000039100647,
        0.9170000553131104,
        0.914400041103363
    ],
    "training_time_ms": 21818.19999999553,
    "inference_time_ms": 6.699999995529652,
    "loss": 0.288908988237381,
    "accuracy": 0.914400041103363
}