{
    "loss_values": [
        0.8867971897125244,
        0.34290611743927,
        0.2851727306842804,
        0.2548085153102875,
        0.23193441331386566,
        0.21465431153774261,
        0.2002670168876648,
        0.18779349327087402,
        0.17791244387626648,
        0.16969940066337585
    ],
    "accuracy_values": [
        0.7396500110626221,
        0.9026666879653931,
        0.9175833463668823,
        0.925599992275238,
        0.9329333305358887,
        0.9380833506584167,
        0.9432666897773743,
        0.9465000033378601,
        0.9488166570663452,
        0.9511333703994751
    ],
    "val_loss_values": [
        0.38749733567237854,
        0.2934836447238922,
        0.26203641295433044,
        0.23317283391952515,
        0.21826040744781494,
        0.20320048928260803,
        0.19015976786613464,
        0.18751946091651917,
        0.17461591958999634,
        0.16824091970920563
    ],
    "val_accuracy_values": [
        0.8913000226020813,
        0.9160000681877136,
        0.9235000610351562,
        0.9339000582695007,
        0.9375000596046448,
        0.9398000240325928,
        0.9449000358581543,
        0.9464000463485718,
        0.9484000205993652,
        0.9513000249862671
    ],
    "training_time_ms": 43063.30000000447,
    "inference_time_ms": 104,
    "loss": 0.16824091970920563,
    "accuracy": 0.9513000249862671
}