{
    "loss_values": [
        0.884689211845398,
        0.3582713305950165,
        0.30217140913009644,
        0.26506882905960083,
        0.23623435199260712,
        0.21372760832309723,
        0.1952195167541504,
        0.18112191557884216,
        0.1693810671567917,
        0.15881145000457764
    ],
    "accuracy_values": [
        0.7432166934013367,
        0.8968333601951599,
        0.9120500087738037,
        0.9233666658401489,
        0.9316166639328003,
        0.9385833144187927,
        0.9438833594322205,
        0.9475833177566528,
        0.9510166645050049,
        0.9544500112533569
    ],
    "val_loss_values": [
        0.3864429295063019,
        0.30699872970581055,
        0.2694166600704193,
        0.24424362182617188,
        0.22108501195907593,
        0.20325744152069092,
        0.1895546317100525,
        0.18119120597839355,
        0.17460127174854279,
        0.1623329520225525
    ],
    "val_accuracy_values": [
        0.8871999979019165,
        0.9079999923706055,
        0.9236999750137329,
        0.9287999868392944,
        0.934499979019165,
        0.9412000179290771,
        0.9437999725341797,
        0.9474999904632568,
        0.9478999972343445,
        0.9506000280380249
    ],
    "training_time_ms": 105536.60000000149,
    "inference_time_ms": 0.8000000044703484,
    "loss": 0.1623329520225525,
    "accuracy": 0.9506000280380249
}