{
    "loss_values": [
        1.2158443927764893,
        0.4590124189853668,
        0.35933932662010193,
        0.320472776889801,
        0.2965872287750244,
        0.27774742245674133,
        0.26350095868110657,
        0.249728724360466,
        0.23819954693317413,
        0.22699829936027527
    ],
    "accuracy_values": [
        0.6607333421707153,
        0.8754667043685913,
        0.899399995803833,
        0.9084666967391968,
        0.916533350944519,
        0.921500027179718,
        0.9265666604042053,
        0.9299333691596985,
        0.9322333335876465,
        0.9357333183288574
    ],
    "val_loss_values": [
        0.6567796468734741,
        0.471646785736084,
        0.4105096757411957,
        0.3842369318008423,
        0.37355729937553406,
        0.34784433245658875,
        0.33691272139549255,
        0.32610565423965454,
        0.3127521872520447,
        0.3048434853553772
    ],
    "val_accuracy_values": [
        0.8180000185966492,
        0.8628000020980835,
        0.8838000297546387,
        0.8930000066757202,
        0.8907999992370605,
        0.9052000045776367,
        0.9061999917030334,
        0.907800018787384,
        0.9110000133514404,
        0.9136000275611877
    ],
    "training_time_ms": 51765.70000000298,
    "inference_time_ms": 0.29999999701976776,
    "loss": 0.3048434853553772,
    "accuracy": 0.9136000275611877
}