{
    "loss_values": [
        2.1280062198638916,
        1.585008144378662,
        1.032289743423462,
        0.7160007357597351,
        0.5675070881843567,
        0.48781466484069824,
        0.4359647035598755,
        0.3996114730834961,
        0.3734279274940491,
        0.3529190719127655
    ],
    "accuracy_values": [
        0.2906666696071625,
        0.6186666488647461,
        0.7774999737739563,
        0.8289999961853027,
        0.8548333048820496,
        0.8728333115577698,
        0.8846666812896729,
        0.8930000066757202,
        0.8991666436195374,
        0.902999997138977
    ],
    "val_loss_values": [
        1.9698642492294312,
        1.398695945739746,
        0.9529763460159302,
        0.7413010001182556,
        0.642281711101532,
        0.5594576597213745,
        0.5277401804924011,
        0.48882749676704407,
        0.4640563130378723,
        0.4439567029476166
    ],
    "val_accuracy_values": [
        0.4490000009536743,
        0.6840000152587891,
        0.7559999823570251,
        0.8029999732971191,
        0.8180000185966492,
        0.8420000076293945,
        0.8479999899864197,
        0.8569999933242798,
        0.8640000224113464,
        0.8579999804496765
    ],
    "training_time_ms": 10241.89999999851,
    "inference_time_ms": 0.29999999701976776,
    "loss": 0.4439567029476166,
    "accuracy": 0.8579999804496765
}