{
    "loss_values": [
        1.0936481952667236,
        0.41954922676086426,
        0.3431073725223541,
        0.3082978427410126,
        0.2870640754699707,
        0.26990097761154175,
        0.25541386008262634,
        0.24384424090385437,
        0.2323160320520401,
        0.22188837826251984
    ],
    "accuracy_values": [
        0.7135000228881836,
        0.8818333148956299,
        0.9014333486557007,
        0.9122000336647034,
        0.9172333478927612,
        0.9225000143051147,
        0.9262999892234802,
        0.9297333359718323,
        0.9329666495323181,
        0.93586665391922
    ],
    "val_loss_values": [
        0.5735424757003784,
        0.4326866567134857,
        0.39169391989707947,
        0.37117063999176025,
        0.3436738848686218,
        0.33577656745910645,
        0.31651172041893005,
        0.309955894947052,
        0.3020020127296448,
        0.29385894536972046
    ],
    "val_accuracy_values": [
        0.8343999981880188,
        0.8695999979972839,
        0.8813999891281128,
        0.8913999795913696,
        0.8998000025749207,
        0.9014000296592712,
        0.9064000248908997,
        0.9064000248908997,
        0.9106000065803528,
        0.9089999794960022
    ],
    "training_time_ms": 51476.29999999702,
    "inference_time_ms": 0.7000000029802322,
    "loss": 0.29385894536972046,
    "accuracy": 0.9089999794960022
}