{
    "loss_values": [
        0.8370206356048584,
        0.35041090846061707,
        0.2937777042388916,
        0.25976309180259705,
        0.2344735860824585,
        0.2145400047302246,
        0.19892944395542145,
        0.1854255348443985,
        0.17404019832611084,
        0.16454263031482697
    ],
    "accuracy_values": [
        0.7650166749954224,
        0.8999500274658203,
        0.9151666760444641,
        0.9256166815757751,
        0.9338499903678894,
        0.9382333159446716,
        0.9424999952316284,
        0.9465333223342896,
        0.949566662311554,
        0.9523000121116638
    ],
    "val_loss_values": [
        0.37793874740600586,
        0.30284449458122253,
        0.27701419591903687,
        0.2413739264011383,
        0.2211274355649948,
        0.20818988978862762,
        0.19111642241477966,
        0.18503370881080627,
        0.1769508719444275,
        0.1654910296201706
    ],
    "val_accuracy_values": [
        0.8906000256538391,
        0.9121999740600586,
        0.9192000031471252,
        0.9330000281333923,
        0.9363999962806702,
        0.9399999976158142,
        0.9444000124931335,
        0.9463000297546387,
        0.9495000243186951,
        0.9531000256538391
    ],
    "training_time_ms": 104552.79999999702,
    "inference_time_ms": 0.7999999970197678,
    "loss": 0.1654910296201706,
    "accuracy": 0.9531000256538391
}