{
    "loss_values": [
        2.101853132247925,
        1.5041295289993286,
        0.9060097336769104,
        0.6221833229064941,
        0.5043326616287231,
        0.44144222140312195,
        0.4004378616809845,
        0.37284544110298157,
        0.35124868154525757,
        0.3322523832321167
    ],
    "accuracy_values": [
        0.27533334493637085,
        0.625166654586792,
        0.8134999871253967,
        0.859333336353302,
        0.8740000128746033,
        0.8855000138282776,
        0.8923333287239075,
        0.8986666798591614,
        0.9045000076293945,
        0.9081666469573975
    ],
    "val_loss_values": [
        1.9082392454147339,
        1.2514456510543823,
        0.7971044182777405,
        0.6178467869758606,
        0.5406518578529358,
        0.5002463459968567,
        0.4620559811592102,
        0.44373396039009094,
        0.418979287147522,
        0.43723440170288086
    ],
    "val_accuracy_values": [
        0.44200000166893005,
        0.7269999980926514,
        0.8309999704360962,
        0.843999981880188,
        0.8619999885559082,
        0.8550000190734863,
        0.8700000047683716,
        0.8799999952316284,
        0.8849999904632568,
        0.8730000257492065
    ],
    "training_time_ms": 10354.10000000149,
    "inference_time_ms": 0.20000000298023224,
    "loss": 0.43723440170288086,
    "accuracy": 0.8730000257492065
}