{
    "loss_values": [
        2.145657777786255,
        1.6713132858276367,
        1.087249517440796,
        0.7458189129829407,
        0.5956407785415649,
        0.5114952325820923,
        0.45564374327659607,
        0.4164378345012665,
        0.3868786096572876,
        0.3635687530040741
    ],
    "accuracy_values": [
        0.26233333349227905,
        0.5428333282470703,
        0.7618333101272583,
        0.8121666312217712,
        0.847000002861023,
        0.8643333315849304,
        0.8801666498184204,
        0.8869999647140503,
        0.8983333110809326,
        0.9026666283607483
    ],
    "val_loss_values": [
        2.013000965118408,
        1.4719574451446533,
        0.9843836426734924,
        0.7735863924026489,
        0.6558094024658203,
        0.6020817160606384,
        0.5540379881858826,
        0.502278208732605,
        0.4834662675857544,
        0.45494896173477173
    ],
    "val_accuracy_values": [
        0.36100003123283386,
        0.6680000424385071,
        0.7410000562667847,
        0.7850000262260437,
        0.8080000281333923,
        0.815000057220459,
        0.8260000348091125,
        0.8490000367164612,
        0.8550000190734863,
        0.8640000224113464
    ],
    "training_time_ms": 4571.60000000149,
    "inference_time_ms": 7,
    "loss": 0.45494896173477173,
    "accuracy": 0.8640000224113464
}