{
    "loss_values": [
        1.1264805793762207,
        0.44263115525245667,
        0.3529820442199707,
        0.3150431215763092,
        0.2913792133331299,
        0.27309584617614746,
        0.2570314109325409,
        0.24312858283519745,
        0.23081275820732117,
        0.21849755942821503
    ],
    "accuracy_values": [
        0.6744666695594788,
        0.8755666613578796,
        0.9018000364303589,
        0.9118000268936157,
        0.9183000326156616,
        0.9225666522979736,
        0.9269999861717224,
        0.9309999942779541,
        0.9343000054359436,
        0.9380666613578796
    ],
    "val_loss_values": [
        0.6193967461585999,
        0.4629930257797241,
        0.4097629487514496,
        0.38556531071662903,
        0.361922025680542,
        0.3379751443862915,
        0.32905280590057373,
        0.3154310882091522,
        0.30531442165374756,
        0.2905455529689789
    ],
    "val_accuracy_values": [
        0.8126000165939331,
        0.865600049495697,
        0.8774000406265259,
        0.8838000297546387,
        0.8968000411987305,
        0.9040000438690186,
        0.9040000438690186,
        0.9070000648498535,
        0.909000039100647,
        0.9142000675201416
    ],
    "training_time_ms": 21832.60000000149,
    "inference_time_ms": 7.4000000059604645,
    "loss": 0.2905455529689789,
    "accuracy": 0.9142000675201416
}