{
    "loss_values": [
        0.8433906435966492,
        0.34595349431037903,
        0.29499441385269165,
        0.2608850598335266,
        0.2348107546567917,
        0.214368999004364,
        0.19932544231414795,
        0.18625804781913757,
        0.1757550835609436,
        0.16600199043750763
    ],
    "accuracy_values": [
        0.7687000036239624,
        0.9002833366394043,
        0.9143166542053223,
        0.9244500398635864,
        0.9318000078201294,
        0.9380500316619873,
        0.942466676235199,
        0.9455333352088928,
        0.948983371257782,
        0.951449990272522
    ],
    "val_loss_values": [
        0.3724554181098938,
        0.29902738332748413,
        0.2664734423160553,
        0.24000833928585052,
        0.21622158586978912,
        0.20616216957569122,
        0.19843852519989014,
        0.17884840071201324,
        0.1742357313632965,
        0.16586726903915405
    ],
    "val_accuracy_values": [
        0.891800045967102,
        0.9133000373840332,
        0.9232000708580017,
        0.929900050163269,
        0.937000036239624,
        0.9410000443458557,
        0.9427000284194946,
        0.9475000500679016,
        0.9491000175476074,
        0.9523000717163086
    ],
    "training_time_ms": 41973.79999999702,
    "inference_time_ms": 89.59999999403954,
    "loss": 0.16586726903915405,
    "accuracy": 0.9523000717163086
}