{
    "loss_values": [
        2.1540839672088623,
        1.5363339185714722,
        0.9549899101257324,
        0.6772170066833496,
        0.5477063059806824,
        0.4731908440589905,
        0.4265593886375427,
        0.3938996493816376,
        0.36938542127609253,
        0.34849128127098083
    ],
    "accuracy_values": [
        0.31933334469795227,
        0.6121666431427002,
        0.765333354473114,
        0.8271666765213013,
        0.8548333048820496,
        0.8713333010673523,
        0.8815000057220459,
        0.890666663646698,
        0.8951666355133057,
        0.9021666646003723
    ],
    "val_loss_values": [
        1.9467211961746216,
        1.2747803926467896,
        0.8614230751991272,
        0.6866583228111267,
        0.5879153609275818,
        0.5308546423912048,
        0.502903938293457,
        0.4672650992870331,
        0.44419699907302856,
        0.43881043791770935
    ],
    "val_accuracy_values": [
        0.5099999904632568,
        0.6679999828338623,
        0.7879999876022339,
        0.8090000152587891,
        0.8320000171661377,
        0.8479999899864197,
        0.843999981880188,
        0.8610000014305115,
        0.8629999756813049,
        0.8650000095367432
    ],
    "training_time_ms": 10320.80000000447,
    "inference_time_ms": 0.7000000029802322,
    "loss": 0.43881043791770935,
    "accuracy": 0.8650000095367432
}