{
    "loss_values": [
        1.1478973627090454,
        0.4322337508201599,
        0.3490699231624603,
        0.30950498580932617,
        0.28145819902420044,
        0.26037493348121643,
        0.24251477420330048,
        0.22748714685440063,
        0.2151762843132019,
        0.20352716743946075
    ],
    "accuracy_values": [
        0.6893666982650757,
        0.8802000284194946,
        0.9011000394821167,
        0.9115666747093201,
        0.9204999804496765,
        0.924833357334137,
        0.9303333163261414,
        0.9350333213806152,
        0.9381999969482422,
        0.941266655921936
    ],
    "val_loss_values": [
        0.6010410785675049,
        0.4585767984390259,
        0.40905430912971497,
        0.37109774351119995,
        0.34818118810653687,
        0.3285190165042877,
        0.3186008930206299,
        0.29831355810165405,
        0.2817254662513733,
        0.2751018702983856
    ],
    "val_accuracy_values": [
        0.8348000049591064,
        0.8694000244140625,
        0.8790000081062317,
        0.8931999802589417,
        0.8992000222206116,
        0.9025999903678894,
        0.9067999720573425,
        0.9125999808311462,
        0.9168000221252441,
        0.9172000288963318
    ],
    "training_time_ms": 51241.29999999702,
    "inference_time_ms": 0.6000000014901161,
    "loss": 0.2751018702983856,
    "accuracy": 0.9172000288963318
}