{
    "loss_values": [
        0.8061835169792175,
        0.33606305718421936,
        0.28334471583366394,
        0.2513020932674408,
        0.22712746262550354,
        0.20799243450164795,
        0.19247271120548248,
        0.17998701333999634,
        0.16936783492565155,
        0.16087721288204193
    ],
    "accuracy_values": [
        0.7674500346183777,
        0.9035333395004272,
        0.918150007724762,
        0.9279833436012268,
        0.9348500370979309,
        0.9400500059127808,
        0.9447833299636841,
        0.9486166834831238,
        0.9512333273887634,
        0.9531166553497314
    ],
    "val_loss_values": [
        0.35944312810897827,
        0.2895563840866089,
        0.25712308287620544,
        0.23696674406528473,
        0.21623650193214417,
        0.19680318236351013,
        0.18572528660297394,
        0.17470575869083405,
        0.17138604819774628,
        0.16060978174209595
    ],
    "val_accuracy_values": [
        0.8967000246047974,
        0.9178000092506409,
        0.9269999861717224,
        0.9333000183105469,
        0.9383000135421753,
        0.942799985408783,
        0.9431999921798706,
        0.9472000002861023,
        0.9483000040054321,
        0.9521999955177307
    ],
    "training_time_ms": 105733.89999999851,
    "inference_time_ms": 1.6000000014901161,
    "loss": 0.16060978174209595,
    "accuracy": 0.9521999955177307
}