{
    "loss_values": [
        14.888205183215481,
        9.898525213592235,
        6.541622921911275,
        4.879118719074252,
        3.843171442391626,
        3.1534994764513313,
        2.6298570612734036,
        2.2325341633045,
        1.915841924633379,
        1.6514408026811311
    ],
    "accuracy_values": [
        0.3442857142857143,
        0.7171428571428572,
        0.8085714285714286,
        0.8642857142857143,
        0.9128571428571428,
        0.9357142857142857,
        0.9471428571428572,
        0.9671428571428572,
        0.9714285714285714,
        0.9814285714285714
    ],
    "val_loss_values": [
        13.105923185648862,
        9.664953454864301,
        7.778589361071753,
        6.315551179259149,
        5.603475122016695,
        5.0296577726128415,
        4.697967847205673,
        4.446858926078305,
        4.3007293280062875,
        4.137339701878285
    ],
    "val_accuracy_values": [
        0.5996767630124533,
        0.6782493253870907,
        0.7241951543312314,
        0.7819593356325488,
        0.8018441824557353,
        0.8189584265285214,
        0.8264332818655392,
        0.8315271504639317,
        0.8327104287219151,
        0.8359860892653573
    ],
    "training_time_ms": 60082.09999999404,
    "inference_time_ms": 5707.399999991059,
    "loss": 4.137339701878285,
    "accuracy": 0.8359860892653573
}