{
    "loss_values": [
        15.658869651413337,
        12.4129457854625,
        9.261037528169966,
        6.870543791344756,
        5.191366670491842,
        4.144689233172105,
        3.391340192830864,
        2.830789147845675,
        2.3897985508985338,
        2.0532941324042397
    ],
    "accuracy_values": [
        0.3342857142857143,
        0.66,
        0.7657142857142857,
        0.8714285714285714,
        0.9057142857142857,
        0.9228571428571428,
        0.9428571428571428,
        0.9628571428571429,
        0.9714285714285714,
        0.9771428571428571
    ],
    "val_loss_values": [
        14.799836108232094,
        12.463137384055369,
        10.227958647842566,
        8.47828375210637,
        7.409666640269194,
        6.661842550633883,
        6.232163538296373,
        5.906610424292469,
        5.693159238653223,
        5.539785852362568
    ],
    "val_accuracy_values": [
        0.44480179184195034,
        0.5569211331103102,
        0.6557165214145214,
        0.7210010193972635,
        0.7525449037315682,
        0.7733205071142443,
        0.7796666140217375,
        0.7837585607833566,
        0.7847492426309064,
        0.7844908038880674
    ],
    "training_time_ms": 57692.59999999404,
    "inference_time_ms": 5668,
    "loss": 5.539785852362568,
    "accuracy": 0.7844908038880674
}