{
    "loss_values": [
        16.460036753491796,
        15.69345950921873,
        14.333708164306408,
        13.104254174294104,
        11.901291129172847,
        10.97989379118222,
        9.8379126283879,
        9.013738472493138,
        8.161780052037422,
        7.450108266287246
    ],
    "accuracy_values": [
        0.11428571428571428,
        0.35714285714285715,
        0.5142857142857142,
        0.5285714285714286,
        0.6142857142857143,
        0.7142857142857143,
        0.7285714285714285,
        0.7428571428571429,
        0.7571428571428571,
        0.8571428571428571
    ],
    "val_loss_values": [
        16.18374665991493,
        15.444256979214952,
        14.647646415859741,
        14.049588868845833,
        13.484874571427877,
        13.0031808870481,
        12.617299902809961,
        12.239588724957219,
        11.917086236094564,
        11.631806564227785
    ],
    "val_accuracy_values": [
        0.23287906304966466,
        0.3123024782279169,
        0.3259019863003904,
        0.3554748387650331,
        0.404681891632942,
        0.42810565001644524,
        0.45643438344606674,
        0.4793433339530095,
        0.49262823721202936,
        0.5144503710906777
    ],
    "training_time_ms": 57225.69999999553,
    "inference_time_ms": 5708.60000000149,
    "loss": 11.631806564227785,
    "accuracy": 0.5144503710906777
}