{
    "loss_values": [
        2.1347601413726807,
        1.5930731296539307,
        1.0059138536453247,
        0.6970365643501282,
        0.5552194714546204,
        0.4792380630970001,
        0.4306175410747528,
        0.395272433757782,
        0.37049219012260437,
        0.3488571345806122
    ],
    "accuracy_values": [
        0.1951666623353958,
        0.5456666946411133,
        0.7673333287239075,
        0.8264999985694885,
        0.8541666865348816,
        0.8744999766349792,
        0.8838333487510681,
        0.8941666483879089,
        0.9003333449363708,
        0.9058333039283752
    ],
    "val_loss_values": [
        1.9714384078979492,
        1.3690266609191895,
        0.9142605066299438,
        0.7080493569374084,
        0.6167974472045898,
        0.5481066703796387,
        0.5077314972877502,
        0.4749453365802765,
        0.45472171902656555,
        0.44168776273727417
    ],
    "val_accuracy_values": [
        0.30799999833106995,
        0.6489999890327454,
        0.7409999966621399,
        0.8009999990463257,
        0.8339999914169312,
        0.8399999737739563,
        0.8519999980926514,
        0.8619999885559082,
        0.8629999756813049,
        0.8659999966621399
    ],
    "training_time_ms": 8173.833608627319,
    "inference_time_ms": 258.5716247558594,
    "loss": 0.44168776273727417,
    "accuracy": 0.8659999966621399
}