{
    "loss_values": [
        1.0261635780334473,
        0.41321811079978943,
        0.3436930477619171,
        0.3116782307624817,
        0.2898915112018585,
        0.2712761163711548,
        0.2561008036136627,
        0.24279291927814484,
        0.23040980100631714,
        0.2191166877746582
    ],
    "accuracy_values": [
        0.7160666584968567,
        0.8842666745185852,
        0.9021000266075134,
        0.911633312702179,
        0.9168000221252441,
        0.9226333498954773,
        0.9274666905403137,
        0.9308000206947327,
        0.9340999722480774,
        0.9370666742324829
    ],
    "val_loss_values": [
        0.567395031452179,
        0.4314716160297394,
        0.3976486921310425,
        0.3691805899143219,
        0.345454603433609,
        0.3312728703022003,
        0.31817036867141724,
        0.3029966354370117,
        0.29083767533302307,
        0.2908143997192383
    ],
    "val_accuracy_values": [
        0.8407999873161316,
        0.8751999735832214,
        0.8830000162124634,
        0.8935999870300293,
        0.8952000141143799,
        0.9003999829292297,
        0.9057999849319458,
        0.9089999794960022,
        0.9121999740600586,
        0.9154000282287598
    ],
    "training_time_ms": 27359.461545944214,
    "inference_time_ms": 250.28300285339355,
    "loss": 0.2908143997192383,
    "accuracy": 0.9154000282287598
}