{
    "loss_values": [
        0.7688215374946594,
        0.3206644654273987,
        0.26998192071914673,
        0.2387133240699768,
        0.2150684893131256,
        0.19687068462371826,
        0.1815733015537262,
        0.16969990730285645,
        0.15918268263339996,
        0.15103764832019806
    ],
    "accuracy_values": [
        0.7894999980926514,
        0.9085999727249146,
        0.9226666688919067,
        0.930733323097229,
        0.9370833039283752,
        0.942883312702179,
        0.9480166435241699,
        0.951366662979126,
        0.9532666802406311,
        0.9561499953269958
    ],
    "val_loss_values": [
        0.3488961160182953,
        0.28542444109916687,
        0.24779099225997925,
        0.22449538111686707,
        0.21743105351924896,
        0.19214771687984467,
        0.18091320991516113,
        0.1750478595495224,
        0.16532637178897858,
        0.1616487354040146
    ],
    "val_accuracy_values": [
        0.9031999707221985,
        0.91839998960495,
        0.9266999959945679,
        0.9359999895095825,
        0.9337999820709229,
        0.9435999989509583,
        0.9453999996185303,
        0.9455000162124634,
        0.9495999813079834,
        0.9509999752044678
    ],
    "training_time_ms": 52557.7449798584,
    "inference_time_ms": 255.98597526550293,
    "loss": 0.1616487354040146,
    "accuracy": 0.9509999752044678
}