{
    "loss_values": [
        2.112872362136841,
        1.5013582706451416,
        0.9564905762672424,
        0.6959326863288879,
        0.5678954124450684,
        0.4925589859485626,
        0.4415893852710724,
        0.4062774181365967,
        0.37832263112068176,
        0.3570477366447449
    ],
    "accuracy_values": [
        0.3166666626930237,
        0.6193333268165588,
        0.7696666717529297,
        0.8258333206176758,
        0.8539999723434448,
        0.871833324432373,
        0.8815000057220459,
        0.8883333206176758,
        0.8951666355133057,
        0.902999997138977
    ],
    "val_loss_values": [
        1.9058958292007446,
        1.284722924232483,
        0.9002583622932434,
        0.727525532245636,
        0.6313928961753845,
        0.5709071159362793,
        0.5157449245452881,
        0.49324262142181396,
        0.47288960218429565,
        0.44823262095451355
    ],
    "val_accuracy_values": [
        0.4790000319480896,
        0.6660000085830688,
        0.7720000147819519,
        0.7950000166893005,
        0.8130000233650208,
        0.831000030040741,
        0.8500000238418579,
        0.8530000448226929,
        0.8610000610351562,
        0.8700000643730164
    ],
    "training_time_ms": 4556.20000000298,
    "inference_time_ms": 6.4000000059604645,
    "loss": 0.44823262095451355,
    "accuracy": 0.8700000643730164
}