{
    "loss_values": [
        0.8164040446281433,
        0.34522855281829834,
        0.2841862738132477,
        0.2485983967781067,
        0.22272545099258423,
        0.20297656953334808,
        0.1860394924879074,
        0.17273862659931183,
        0.1616755574941635,
        0.15196974575519562
    ],
    "accuracy_values": [
        0.781083345413208,
        0.9013833403587341,
        0.918833315372467,
        0.9282833337783813,
        0.9354000091552734,
        0.9417499899864197,
        0.9473167061805725,
        0.9501000046730042,
        0.9541333317756653,
        0.9570000171661377
    ],
    "val_loss_values": [
        0.3760167360305786,
        0.2909860610961914,
        0.2676998972892761,
        0.24005450308322906,
        0.2102246880531311,
        0.19569355249404907,
        0.18040728569030762,
        0.17275415360927582,
        0.16198085248470306,
        0.15747854113578796
    ],
    "val_accuracy_values": [
        0.8920000195503235,
        0.9154000282287598,
        0.9246000647544861,
        0.9301000237464905,
        0.9394000172615051,
        0.9429000616073608,
        0.9462000727653503,
        0.9490000605583191,
        0.9499000310897827,
        0.9532000422477722
    ],
    "training_time_ms": 44916.10000000149,
    "inference_time_ms": 67.79999999701977,
    "loss": 0.15747854113578796,
    "accuracy": 0.9532000422477722
}