{
    "loss_values": [
        1.2813314199447632,
        0.46591171622276306,
        0.35707229375839233,
        0.315974622964859,
        0.29001694917678833,
        0.26931291818618774,
        0.2522493004798889,
        0.23855923116207123,
        0.22606055438518524,
        0.213983416557312
    ],
    "accuracy_values": [
        0.6352999806404114,
        0.8705333471298218,
        0.9002000093460083,
        0.9110666513442993,
        0.9176666736602783,
        0.9232333302497864,
        0.9282333254814148,
        0.9324333667755127,
        0.9360333681106567,
        0.9377999901771545
    ],
    "val_loss_values": [
        0.6821924448013306,
        0.4661393165588379,
        0.4122607707977295,
        0.3766824007034302,
        0.35868147015571594,
        0.3367980718612671,
        0.33103808760643005,
        0.30882954597473145,
        0.30058375000953674,
        0.28460341691970825
    ],
    "val_accuracy_values": [
        0.8014000654220581,
        0.868600070476532,
        0.8808000683784485,
        0.8952000141143799,
        0.8964000344276428,
        0.9050000309944153,
        0.9044000506401062,
        0.9118000268936157,
        0.9086000323295593,
        0.9170000553131104
    ],
    "training_time_ms": 21796.5,
    "inference_time_ms": 6.9000000059604645,
    "loss": 0.28460341691970825,
    "accuracy": 0.9170000553131104
}