{
    "loss_values": [
        2.2033493518829346,
        1.7823864221572876,
        1.1387779712677002,
        0.7384154200553894,
        0.5711544752120972,
        0.4853743016719818,
        0.43365031480789185,
        0.3990008234977722,
        0.3723459541797638,
        0.35136547684669495
    ],
    "accuracy_values": [
        0.20100000500679016,
        0.48633334040641785,
        0.7404999732971191,
        0.8194999694824219,
        0.8510000109672546,
        0.8688333034515381,
        0.8824999928474426,
        0.891166627407074,
        0.8959999680519104,
        0.9024999737739563
    ],
    "val_loss_values": [
        2.078951358795166,
        1.5428428649902344,
        0.987454354763031,
        0.7307262420654297,
        0.6215188503265381,
        0.5400109887123108,
        0.5041161179542542,
        0.47288647294044495,
        0.45354002714157104,
        0.42901280522346497
    ],
    "val_accuracy_values": [
        0.3700000047683716,
        0.5630000233650208,
        0.7360000014305115,
        0.7979999780654907,
        0.8220000267028809,
        0.843999981880188,
        0.8500000238418579,
        0.8610000014305115,
        0.8629999756813049,
        0.8759999871253967
    ],
    "training_time_ms": 10212.59999999404,
    "inference_time_ms": 0.5,
    "loss": 0.42901280522346497,
    "accuracy": 0.8759999871253967
}