{
    "loss_values": [
        1.43756902217865,
        0.4850768744945526,
        0.3681623041629791,
        0.32513266801834106,
        0.2977929413318634,
        0.27703946828842163,
        0.2605527937412262,
        0.2462095022201538,
        0.23384076356887817,
        0.223264679312706
    ],
    "accuracy_values": [
        0.5684666633605957,
        0.8625666499137878,
        0.8960666656494141,
        0.9069666862487793,
        0.9144999980926514,
        0.9207333326339722,
        0.9252333641052246,
        0.9301999807357788,
        0.9329666495323181,
        0.9359999895095825
    ],
    "val_loss_values": [
        0.7170482873916626,
        0.48866006731987,
        0.4180906116962433,
        0.37643036246299744,
        0.3604017198085785,
        0.34906846284866333,
        0.3198411762714386,
        0.3100266456604004,
        0.2975931763648987,
        0.28787022829055786
    ],
    "val_accuracy_values": [
        0.8033999800682068,
        0.8601999878883362,
        0.8754000067710876,
        0.8912000060081482,
        0.890999972820282,
        0.8938000202178955,
        0.9067999720573425,
        0.9083999991416931,
        0.9142000079154968,
        0.9156000018119812
    ],
    "training_time_ms": 51540.29999999702,
    "inference_time_ms": 0.5999999940395355,
    "loss": 0.28787022829055786,
    "accuracy": 0.9156000018119812
}