{
    "loss_values": [
        0.7893803715705872,
        0.3352591395378113,
        0.28562530875205994,
        0.2546643614768982,
        0.231892928481102,
        0.21248868107795715,
        0.19580717384815216,
        0.18158112466335297,
        0.17005836963653564,
        0.15946483612060547
    ],
    "accuracy_values": [
        0.7744666934013367,
        0.9039999842643738,
        0.9173166751861572,
        0.9261333346366882,
        0.9323999881744385,
        0.9388333559036255,
        0.9436166882514954,
        0.9476667046546936,
        0.9506833553314209,
        0.9535166621208191
    ],
    "val_loss_values": [
        0.3571171760559082,
        0.2848907709121704,
        0.2598249614238739,
        0.23406274616718292,
        0.21548844873905182,
        0.2034187763929367,
        0.19230054318904877,
        0.1819029450416565,
        0.1673961877822876,
        0.1575401872396469
    ],
    "val_accuracy_values": [
        0.9017999768257141,
        0.9190000295639038,
        0.9251999855041504,
        0.9315000176429749,
        0.9362000226974487,
        0.9402999877929688,
        0.942799985408783,
        0.9456999897956848,
        0.9498000144958496,
        0.9524000287055969
    ],
    "training_time_ms": 107148.39999999851,
    "inference_time_ms": 0.6999999955296516,
    "loss": 0.1575401872396469,
    "accuracy": 0.9524000287055969
}