{
    "loss_values": [
        2.147831439971924,
        1.5457613468170166,
        0.9654585123062134,
        0.689826250076294,
        0.5534037947654724,
        0.47571873664855957,
        0.42700085043907166,
        0.391380250453949,
        0.3646825850009918,
        0.3445945680141449
    ],
    "accuracy_values": [
        0.3059999942779541,
        0.606166660785675,
        0.762666642665863,
        0.828166663646698,
        0.8550000190734863,
        0.8734999895095825,
        0.8843333125114441,
        0.8946666717529297,
        0.9024999737739563,
        0.90666663646698
    ],
    "val_loss_values": [
        1.9532757997512817,
        1.280508279800415,
        0.8939035534858704,
        0.7074676752090454,
        0.615238606929779,
        0.5398083925247192,
        0.5010256171226501,
        0.4706624150276184,
        0.4469534754753113,
        0.43864381313323975
    ],
    "val_accuracy_values": [
        0.4480000138282776,
        0.6800000071525574,
        0.7649999856948853,
        0.8050000071525574,
        0.824999988079071,
        0.8489999771118164,
        0.8610000014305115,
        0.871999979019165,
        0.875,
        0.871999979019165
    ],
    "training_time_ms": 19216.5,
    "inference_time_ms": 0.19999999552965164,
    "loss": 0.43864381313323975,
    "accuracy": 0.871999979019165
}