{
    "loss_values": [
        1.3003686666488647,
        0.46756452322006226,
        0.3629171848297119,
        0.324137806892395,
        0.299330472946167,
        0.2800791263580322,
        0.26457667350769043,
        0.2503054440021515,
        0.23749539256095886,
        0.22635231912136078
    ],
    "accuracy_values": [
        0.6268333196640015,
        0.8727666735649109,
        0.8975666761398315,
        0.9087666869163513,
        0.9158999919891357,
        0.9209333658218384,
        0.9247666597366333,
        0.9294999837875366,
        0.9320999979972839,
        0.9363999962806702
    ],
    "val_loss_values": [
        0.6958296895027161,
        0.4798087775707245,
        0.4133950173854828,
        0.38976311683654785,
        0.36454856395721436,
        0.3432680070400238,
        0.3285837471485138,
        0.3194216787815094,
        0.3039514720439911,
        0.2991717457771301
    ],
    "val_accuracy_values": [
        0.8059999942779541,
        0.8618000149726868,
        0.8794000148773193,
        0.8894000053405762,
        0.8981999754905701,
        0.9031999707221985,
        0.906000018119812,
        0.9057999849319458,
        0.9142000079154968,
        0.9139999747276306
    ],
    "training_time_ms": 95749.10000000149,
    "inference_time_ms": 0.10000000149011612,
    "loss": 0.2991717457771301,
    "accuracy": 0.9139999747276306
}