{
    "loss_values": [
        0.8090223670005798,
        0.33558154106140137,
        0.2805521786212921,
        0.24535806477069855,
        0.21983850002288818,
        0.20191793143749237,
        0.18649928271770477,
        0.17467710375785828,
        0.1644371598958969,
        0.1562548726797104
    ],
    "accuracy_values": [
        0.7799000144004822,
        0.9044666886329651,
        0.9195166826248169,
        0.9294833540916443,
        0.9358500242233276,
        0.9414499998092651,
        0.9458000063896179,
        0.9485499858856201,
        0.9519500136375427,
        0.9543166756629944
    ],
    "val_loss_values": [
        0.36359351873397827,
        0.2880123257637024,
        0.2528708875179291,
        0.2237594723701477,
        0.20589812099933624,
        0.19310712814331055,
        0.18583713471889496,
        0.1747996211051941,
        0.1671578735113144,
        0.16459855437278748
    ],
    "val_accuracy_values": [
        0.901199996471405,
        0.9180999994277954,
        0.9301999807357788,
        0.9366000294685364,
        0.9409999847412109,
        0.9455999732017517,
        0.944599986076355,
        0.9502999782562256,
        0.951200008392334,
        0.9526000022888184
    ],
    "training_time_ms": 191285.70000000298,
    "inference_time_ms": 0.30000000447034836,
    "loss": 0.16459855437278748,
    "accuracy": 0.9526000022888184
}