{
    "loss_values": [
        2.048431873321533,
        1.3286559581756592,
        0.8128914833068848,
        0.6128928065299988,
        0.5147220492362976,
        0.4545918405056,
        0.4131908416748047,
        0.3835488259792328,
        0.35903722047805786,
        0.34049686789512634
    ],
    "accuracy_values": [
        0.3733333349227905,
        0.71916663646698,
        0.8028333187103271,
        0.8399999737739563,
        0.8616666793823242,
        0.8761666417121887,
        0.8871666789054871,
        0.8959999680519104,
        0.9004999995231628,
        0.9046666622161865
    ],
    "val_loss_values": [
        1.7969752550125122,
        1.0846996307373047,
        0.7648636102676392,
        0.630587100982666,
        0.5582852959632874,
        0.5089932084083557,
        0.48121845722198486,
        0.4546763598918915,
        0.43669393658638,
        0.41661787033081055
    ],
    "val_accuracy_values": [
        0.5659999847412109,
        0.7559999823570251,
        0.796999990940094,
        0.824999988079071,
        0.828000009059906,
        0.8619999885559082,
        0.8579999804496765,
        0.8709999918937683,
        0.871999979019165,
        0.8759999871253967
    ],
    "training_time_ms": 19069.39999999851,
    "inference_time_ms": 0.09999999403953552,
    "loss": 0.41661787033081055,
    "accuracy": 0.8759999871253967
}