{
    "loss_values": [
        0.9111248254776001,
        0.3439621031284332,
        0.290220707654953,
        0.2604314684867859,
        0.2383359670639038,
        0.21974222362041473,
        0.20344442129135132,
        0.18968889117240906,
        0.1773018091917038,
        0.16694095730781555
    ],
    "accuracy_values": [
        0.7448333501815796,
        0.90215003490448,
        0.9165000319480896,
        0.9246333241462708,
        0.9305500388145447,
        0.9363499879837036,
        0.9412166476249695,
        0.9458833336830139,
        0.9496166706085205,
        0.9518166780471802
    ],
    "val_loss_values": [
        0.3835838735103607,
        0.3012459874153137,
        0.269866019487381,
        0.24273376166820526,
        0.22234389185905457,
        0.2127695530653,
        0.19276034832000732,
        0.1823611557483673,
        0.17601974308490753,
        0.16600415110588074
    ],
    "val_accuracy_values": [
        0.8928999900817871,
        0.9140999913215637,
        0.9210000038146973,
        0.9308000206947327,
        0.9348999857902527,
        0.9366000294685364,
        0.9416999816894531,
        0.9452999830245972,
        0.9473000168800354,
        0.949999988079071
    ],
    "training_time_ms": 191241.70000000298,
    "inference_time_ms": 0.20000000298023224,
    "loss": 0.16600415110588074,
    "accuracy": 0.949999988079071
}