{
    "loss_values": [
        1.177744746208191,
        0.44631585478782654,
        0.3575260043144226,
        0.3202638328075409,
        0.2943268120288849,
        0.27343082427978516,
        0.257863312959671,
        0.2431946098804474,
        0.23045684397220612,
        0.2190285176038742
    ],
    "accuracy_values": [
        0.6711666584014893,
        0.8773999810218811,
        0.8984000086784363,
        0.909500002861023,
        0.9170666933059692,
        0.9230000376701355,
        0.9262000322341919,
        0.9296333193778992,
        0.9357666969299316,
        0.9365666508674622
    ],
    "val_loss_values": [
        0.6448094844818115,
        0.46122506260871887,
        0.4186152219772339,
        0.37557148933410645,
        0.3643260896205902,
        0.34626173973083496,
        0.32288819551467896,
        0.3148903548717499,
        0.30001378059387207,
        0.29066649079322815
    ],
    "val_accuracy_values": [
        0.8212000131607056,
        0.864799976348877,
        0.8787999749183655,
        0.8907999992370605,
        0.8938000202178955,
        0.8978000283241272,
        0.9074000120162964,
        0.90420001745224,
        0.9101999998092651,
        0.9151999950408936
    ],
    "training_time_ms": 96561.10000000149,
    "inference_time_ms": 0.19999999552965164,
    "loss": 0.29066649079322815,
    "accuracy": 0.9151999950408936
}