{
    "loss_values": [
        16.579063970520053,
        16.072028173812576,
        15.241046810951174,
        14.241082226352553,
        13.24627204843478,
        12.0879439782284,
        11.164801874876831,
        10.306633008716622,
        9.316203100710691,
        8.390563729781368
    ],
    "accuracy_values": [
        0.1,
        0.24285714285714285,
        0.35714285714285715,
        0.4857142857142857,
        0.5142857142857142,
        0.5857142857142857,
        0.6428571428571429,
        0.7285714285714285,
        0.8142857142857143,
        0.8857142857142857
    ],
    "val_loss_values": [
        16.350560096848113,
        15.920347774726611,
        15.256424673559096,
        14.79992889523419,
        14.084624308474845,
        13.681597090116759,
        13.17862951301682,
        12.710268094382885,
        12.244182406860267,
        11.802778203226326
    ],
    "val_accuracy_values": [
        0.20426432524417623,
        0.25062563457220893,
        0.2648400520527964,
        0.3415464256603126,
        0.35036966065580805,
        0.40405268200603467,
        0.45842211385834203,
        0.47884282629524233,
        0.5082297759155715,
        0.5343991763073975
    ],
    "training_time_ms": 57223.50000000745,
    "inference_time_ms": 5681.4000000059605,
    "loss": 11.802778203226326,
    "accuracy": 0.5343991763073975
}