{
    "loss_values": [
        15.134740167878018,
        10.103566840175665,
        6.7729519240876925,
        4.946770527845457,
        3.794133059234764,
        3.0453401273683833,
        2.51586452111141,
        2.078767657037636,
        1.7382381730914367,
        1.4620308136960878
    ],
    "accuracy_values": [
        0.40285714285714286,
        0.7014285714285714,
        0.7985714285714286,
        0.8714285714285714,
        0.9128571428571428,
        0.9385714285714286,
        0.9528571428571428,
        0.9671428571428572,
        0.9771428571428571,
        0.99
    ],
    "val_loss_values": [
        13.053981334800383,
        9.684185652322105,
        7.393450273529059,
        6.017542011530918,
        5.101602887695765,
        4.6925263252318015,
        4.340407939320406,
        4.117189734649332,
        3.932512132474739,
        3.7537219319985637
    ],
    "val_accuracy_values": [
        0.4841484004098183,
        0.6129237074128053,
        0.7219007489285559,
        0.7774282457178314,
        0.8205024603529633,
        0.8342400323236987,
        0.8448318157549171,
        0.848612534091401,
        0.8510368114980014,
        0.8542403209281519
    ],
    "training_time_ms": 59271.5,
    "inference_time_ms": 5722.79999999702,
    "loss": 3.7537219319985637,
    "accuracy": 0.8542403209281519
}