{
    "loss_values": [
        15.805858969771394,
        12.324339113502749,
        9.08691336450322,
        7.100428891617,
        5.7384962496777785,
        4.7698382030331565,
        4.001018591815373,
        3.410181933426136,
        2.9398706489725144,
        2.5454354370482215
    ],
    "accuracy_values": [
        0.32571428571428573,
        0.6428571428571429,
        0.76,
        0.8257142857142857,
        0.8685714285714285,
        0.9028571428571428,
        0.9228571428571428,
        0.9371428571428572,
        0.9485714285714286,
        0.9657142857142857
    ],
    "val_loss_values": [
        14.733044605595921,
        11.962903357586214,
        10.09152780597259,
        8.878775381825198,
        8.052041806035165,
        7.3717943273983035,
        6.814420053924099,
        6.400869088979001,
        6.067013043482344,
        5.818202221044284
    ],
    "val_accuracy_values": [
        0.4436962483309165,
        0.5736765782710448,
        0.6616606124998206,
        0.6961621846688395,
        0.7209723039813924,
        0.7414033223736163,
        0.7585464256486094,
        0.7688839753621732,
        0.7767663570187655,
        0.7806572958692874
    ],
    "training_time_ms": 58966.39999999106,
    "inference_time_ms": 5759.4000000059605,
    "loss": 5.818202221044284,
    "accuracy": 0.7806572958692874
}