{
    "loss_values": [
        2.082273006439209,
        1.4112682342529297,
        0.9060831665992737,
        0.6798769235610962,
        0.5602548122406006,
        0.48541259765625,
        0.43190133571624756,
        0.39676448702812195,
        0.3676416277885437,
        0.3451271653175354
    ],
    "accuracy_values": [
        0.3551666736602783,
        0.6911666393280029,
        0.7751666307449341,
        0.8218333125114441,
        0.8524999618530273,
        0.872166633605957,
        0.8819999694824219,
        0.8896666765213013,
        0.9004999995231628,
        0.9041666388511658
    ],
    "val_loss_values": [
        1.832679033279419,
        1.1953121423721313,
        0.8711732625961304,
        0.7128674983978271,
        0.6140170693397522,
        0.5471115708351135,
        0.5072042346000671,
        0.46421387791633606,
        0.446187287569046,
        0.42459025979042053
    ],
    "val_accuracy_values": [
        0.5940000414848328,
        0.7010000348091125,
        0.7610000371932983,
        0.8020000457763672,
        0.8330000638961792,
        0.8560000658035278,
        0.8550000190734863,
        0.8690000176429749,
        0.8650000691413879,
        0.8800000548362732
    ],
    "training_time_ms": 5486.4000000059605,
    "inference_time_ms": 54.70000000298023,
    "loss": 0.42459025979042053,
    "accuracy": 0.8800000548362732
}