{
    "loss_values": [
        1.397445559501648,
        0.4643908441066742,
        0.3649352490901947,
        0.32291334867477417,
        0.2957216203212738,
        0.2752930819988251,
        0.25972259044647217,
        0.24565857648849487,
        0.23379527032375336,
        0.2220560759305954
    ],
    "accuracy_values": [
        0.5960666537284851,
        0.8723000288009644,
        0.8966667056083679,
        0.907966673374176,
        0.916100025177002,
        0.9208000302314758,
        0.9251000285148621,
        0.9301333427429199,
        0.9330333471298218,
        0.9364666938781738
    ],
    "val_loss_values": [
        0.6697100400924683,
        0.4842936396598816,
        0.4155611991882324,
        0.37731698155403137,
        0.3626890182495117,
        0.3381498456001282,
        0.3319254517555237,
        0.3249177038669586,
        0.29781821370124817,
        0.29049280285835266
    ],
    "val_accuracy_values": [
        0.8206000328063965,
        0.8592000603675842,
        0.8782000541687012,
        0.888200044631958,
        0.894800066947937,
        0.902400016784668,
        0.9030000567436218,
        0.9028000235557556,
        0.9114000201225281,
        0.9132000207901001
    ],
    "training_time_ms": 22415.30000000447,
    "inference_time_ms": 7.399999998509884,
    "loss": 0.29049280285835266,
    "accuracy": 0.9132000207901001
}