{
    "loss_values": [
        0.7950801253318787,
        0.34542885422706604,
        0.29132264852523804,
        0.2588210701942444,
        0.23408392071723938,
        0.21429504454135895,
        0.19846776127815247,
        0.1844240128993988,
        0.17303547263145447,
        0.16294871270656586
    ],
    "accuracy_values": [
        0.7785500288009644,
        0.900350034236908,
        0.9155499935150146,
        0.9251999855041504,
        0.9324333667755127,
        0.937749981880188,
        0.943149983882904,
        0.9469166994094849,
        0.9504666924476624,
        0.953000009059906
    ],
    "val_loss_values": [
        0.38049453496932983,
        0.30888503789901733,
        0.26435744762420654,
        0.2373955249786377,
        0.22163724899291992,
        0.20603343844413757,
        0.19296623766422272,
        0.18194910883903503,
        0.1723410189151764,
        0.16807031631469727
    ],
    "val_accuracy_values": [
        0.8865000605583191,
        0.9081000685691833,
        0.924500048160553,
        0.9327000379562378,
        0.9372000694274902,
        0.9379000663757324,
        0.9428000450134277,
        0.945400059223175,
        0.9487000703811646,
        0.9515000581741333
    ],
    "training_time_ms": 42540.80000000447,
    "inference_time_ms": 359.79999999701977,
    "loss": 0.16807031631469727,
    "accuracy": 0.9515000581741333
}