{
    "loss_values": [
        0.8480716943740845,
        0.3498864769935608,
        0.2908007800579071,
        0.25748661160469055,
        0.23301994800567627,
        0.21382643282413483,
        0.19738911092281342,
        0.18310333788394928,
        0.1707412600517273,
        0.15994316339492798
    ],
    "accuracy_values": [
        0.7614166736602783,
        0.8993000388145447,
        0.9154333472251892,
        0.9253333210945129,
        0.932449996471405,
        0.9382333159446716,
        0.9431833624839783,
        0.9466833472251892,
        0.949916660785675,
        0.953000009059906
    ],
    "val_loss_values": [
        0.37881872057914734,
        0.2939693331718445,
        0.25658050179481506,
        0.232775017619133,
        0.2127271294593811,
        0.19795753061771393,
        0.184564471244812,
        0.1733187735080719,
        0.1666693240404129,
        0.15692023932933807
    ],
    "val_accuracy_values": [
        0.8901000022888184,
        0.9140999913215637,
        0.9254999756813049,
        0.932699978351593,
        0.9383000135421753,
        0.9420999884605408,
        0.945900022983551,
        0.9485999941825867,
        0.9495999813079834,
        0.9531999826431274
    ],
    "training_time_ms": 191100.20000000298,
    "inference_time_ms": 0.30000000447034836,
    "loss": 0.15692023932933807,
    "accuracy": 0.9531999826431274
}