{
    "loss_values": [
        1.2837477922439575,
        0.42942455410957336,
        0.34602949023246765,
        0.3115532696247101,
        0.28925687074661255,
        0.2721003592014313,
        0.2570926547050476,
        0.2446557879447937,
        0.23214422166347504,
        0.2216750830411911
    ],
    "accuracy_values": [
        0.6610333323478699,
        0.883566677570343,
        0.9028666615486145,
        0.9126666784286499,
        0.9183333516120911,
        0.9230333566665649,
        0.9272666573524475,
        0.9304333329200745,
        0.9341333508491516,
        0.9368000030517578
    ],
    "val_loss_values": [
        0.6348904967308044,
        0.44723471999168396,
        0.4125491678714752,
        0.37799322605133057,
        0.34860730171203613,
        0.34564876556396484,
        0.31849032640457153,
        0.3076372444629669,
        0.2984504997730255,
        0.287820041179657
    ],
    "val_accuracy_values": [
        0.8223999738693237,
        0.8736000061035156,
        0.8787999749183655,
        0.8898000121116638,
        0.900600016117096,
        0.902400016784668,
        0.9088000059127808,
        0.9120000004768372,
        0.9124000072479248,
        0.9160000085830688
    ],
    "training_time_ms": 95136.40000000596,
    "inference_time_ms": 0.09999999403953552,
    "loss": 0.287820041179657,
    "accuracy": 0.9160000085830688
}