{
    "loss_values": [
        2.1460025310516357,
        1.6019482612609863,
        0.97209233045578,
        0.6740723848342896,
        0.5455772280693054,
        0.4750131070613861,
        0.42929938435554504,
        0.3967798948287964,
        0.37136009335517883,
        0.3515605926513672
    ],
    "accuracy_values": [
        0.2601666748523712,
        0.640666663646698,
        0.7903333306312561,
        0.8396666646003723,
        0.8619999885559082,
        0.8726666569709778,
        0.8871666789054871,
        0.8933333158493042,
        0.8988333344459534,
        0.9054999947547913
    ],
    "val_loss_values": [
        1.989736557006836,
        1.3548144102096558,
        0.8971459269523621,
        0.7112571597099304,
        0.6171354651451111,
        0.5640155076980591,
        0.5214402675628662,
        0.48379042744636536,
        0.4648455083370209,
        0.4515220522880554
    ],
    "val_accuracy_values": [
        0.39100000262260437,
        0.6959999799728394,
        0.7760000228881836,
        0.8149999976158142,
        0.8320000171661377,
        0.8410000205039978,
        0.8510000109672546,
        0.8539999723434448,
        0.8610000014305115,
        0.859000027179718
    ],
    "training_time_ms": 16832.30000000447,
    "inference_time_ms": 0.30000000447034836,
    "loss": 0.4515220522880554,
    "accuracy": 0.859000027179718
}