{
    "loss_values": [
        0.7658676505088806,
        0.31992512941360474,
        0.2674715220928192,
        0.23629997670650482,
        0.21408897638320923,
        0.19750992953777313,
        0.18402129411697388,
        0.1723180115222931,
        0.1621527075767517,
        0.15316613018512726
    ],
    "accuracy_values": [
        0.7770666480064392,
        0.9076333045959473,
        0.9236166477203369,
        0.9329000115394592,
        0.9387999773025513,
        0.9434666633605957,
        0.9467333555221558,
        0.9503333568572998,
        0.9529666900634766,
        0.9558333158493042
    ],
    "val_loss_values": [
        0.34509432315826416,
        0.2716689109802246,
        0.2402864247560501,
        0.21722443401813507,
        0.20100325345993042,
        0.18988154828548431,
        0.1772274523973465,
        0.16809773445129395,
        0.1630733609199524,
        0.15618595480918884
    ],
    "val_accuracy_values": [
        0.9031000137329102,
        0.921500027179718,
        0.9314000010490417,
        0.9376000165939331,
        0.9398999810218811,
        0.9448999762535095,
        0.946399986743927,
        0.9498000144958496,
        0.9517999887466431,
        0.953499972820282
    ],
    "training_time_ms": 53185.715198516846,
    "inference_time_ms": 260.26105880737305,
    "loss": 0.15618595480918884,
    "accuracy": 0.953499972820282
}