{
    "loss_values": [
        1.1189136505126953,
        0.4316038191318512,
        0.34813082218170166,
        0.3102213740348816,
        0.28557220101356506,
        0.26624685525894165,
        0.24981273710727692,
        0.23710642755031586,
        0.22491341829299927,
        0.21406763792037964
    ],
    "accuracy_values": [
        0.682533323764801,
        0.8795999884605408,
        0.9015666842460632,
        0.9119666814804077,
        0.9186999797821045,
        0.9240333437919617,
        0.9276333451271057,
        0.9316999912261963,
        0.9359666705131531,
        0.9381999969482422
    ],
    "val_loss_values": [
        0.6047448515892029,
        0.4492122530937195,
        0.39073917269706726,
        0.3742423355579376,
        0.34159156680107117,
        0.3316892683506012,
        0.31884798407554626,
        0.31305015087127686,
        0.29574650526046753,
        0.28782522678375244
    ],
    "val_accuracy_values": [
        0.8330000042915344,
        0.871999979019165,
        0.8862000107765198,
        0.8907999992370605,
        0.9017999768257141,
        0.9047999978065491,
        0.9053999781608582,
        0.9088000059127808,
        0.9115999937057495,
        0.9121999740600586
    ],
    "training_time_ms": 27679.71920967102,
    "inference_time_ms": 256.9739818572998,
    "loss": 0.28782522678375244,
    "accuracy": 0.9121999740600586
}