{
    "loss_values": [
        2.0320627689361572,
        1.3328917026519775,
        0.8481273651123047,
        0.6317611932754517,
        0.5233781933784485,
        0.46010246872901917,
        0.41576749086380005,
        0.3854265511035919,
        0.36090022325515747,
        0.34029433131217957
    ],
    "accuracy_values": [
        0.32483333349227905,
        0.6664999723434448,
        0.7878333330154419,
        0.8361666798591614,
        0.8610000014305115,
        0.875166654586792,
        0.8870000243186951,
        0.8933333158493042,
        0.8999999761581421,
        0.9068333506584167
    ],
    "val_loss_values": [
        1.7702398300170898,
        1.1465750932693481,
        0.8149675726890564,
        0.6585683822631836,
        0.5819786190986633,
        0.5327653288841248,
        0.49604523181915283,
        0.4637432396411896,
        0.44148287177085876,
        0.4228760898113251
    ],
    "val_accuracy_values": [
        0.47699999809265137,
        0.7059999704360962,
        0.7929999828338623,
        0.8270000219345093,
        0.8339999914169312,
        0.8420000076293945,
        0.8450000286102295,
        0.8579999804496765,
        0.8659999966621399,
        0.8759999871253967
    ],
    "training_time_ms": 7250.9448528289795,
    "inference_time_ms": 256.06656074523926,
    "loss": 0.4228760898113251,
    "accuracy": 0.8759999871253967
}