{
    "loss_values": [
        15.026850494865648,
        10.04446239714394,
        6.722977203956235,
        5.069666872850446,
        4.082203940917595,
        3.3955116214317433,
        2.878507594220907,
        2.454277710733409,
        2.0983076060045227,
        1.7768734298268158
    ],
    "accuracy_values": [
        0.4057142857142857,
        0.7228571428571429,
        0.8142857142857143,
        0.8671428571428571,
        0.8971428571428571,
        0.9157142857142857,
        0.9328571428571428,
        0.9542857142857143,
        0.9642857142857143,
        0.9757142857142858
    ],
    "val_loss_values": [
        12.735987117172796,
        8.958531919426287,
        7.162081458424507,
        6.099303607090804,
        5.4429153526176925,
        4.92734187731829,
        4.586768343333446,
        4.340836779897858,
        4.1686213070438685,
        4.023466097269223
    ],
    "val_accuracy_values": [
        0.6276425345243077,
        0.6967344406124186,
        0.7586833864846535,
        0.7913245501378087,
        0.81081978094922,
        0.8271115023304809,
        0.833734974530657,
        0.8383959364492994,
        0.8396802262658912,
        0.8408923649691915
    ],
    "training_time_ms": 59026.60000000894,
    "inference_time_ms": 5702.9000000059605,
    "loss": 4.023466097269223,
    "accuracy": 0.8408923649691915
}