{
    "loss_values": [
        16.594697655632903,
        16.042750960224666,
        15.434011487833773,
        14.713537106445708,
        13.723608848712892,
        12.598476367779638,
        11.295052073478827,
        10.08562473846728,
        8.85998635660876,
        7.8218756938046585
    ],
    "accuracy_values": [
        0.12857142857142856,
        0.32857142857142857,
        0.45714285714285713,
        0.5142857142857142,
        0.5714285714285714,
        0.6714285714285714,
        0.7428571428571429,
        0.7857142857142857,
        0.8,
        0.8714285714285714
    ],
    "val_loss_values": [
        16.35107155889978,
        16.03497449589421,
        15.659155771499275,
        15.137884599402025,
        14.600177995952736,
        13.8675061642122,
        13.222258054178152,
        12.597043670053873,
        11.989418335350846,
        11.488846842614509
    ],
    "val_accuracy_values": [
        0.2007607716398061,
        0.26848660784510003,
        0.2707317421956556,
        0.3156487294255602,
        0.35139927640892904,
        0.4233150767206738,
        0.4904546039554405,
        0.5210141715168242,
        0.5476125784724506,
        0.5643438344606673
    ],
    "training_time_ms": 57301,
    "inference_time_ms": 5675.29999999702,
    "loss": 11.488846842614509,
    "accuracy": 0.5643438344606673
}