{
    "loss_values": [
        15.582859572089323,
        12.231854422797264,
        8.601671573762067,
        6.417820676097049,
        5.023761433410256,
        4.056917738853772,
        3.364394304002291,
        2.826650453633686,
        2.3842180578299397,
        2.0376345263190028
    ],
    "accuracy_values": [
        0.32285714285714284,
        0.6542857142857142,
        0.8171428571428572,
        0.86,
        0.8971428571428571,
        0.9228571428571428,
        0.94,
        0.9628571428571429,
        0.9771428571428571,
        0.9828571428571429
    ],
    "val_loss_values": [
        14.553453181200323,
        11.602481332384329,
        9.683568028836227,
        8.438891249774686,
        7.566406045088339,
        6.8684389807833774,
        6.381981719571206,
        6.040827838052286,
        5.767616055614395,
        5.5952848664736345
    ],
    "val_accuracy_values": [
        0.4824333443409094,
        0.6279917873910609,
        0.6784878462002326,
        0.7109075507186032,
        0.7346695573518643,
        0.757512670677253,
        0.7693290643081738,
        0.7761489755775388,
        0.7816623354247728,
        0.783658056827808
    ],
    "training_time_ms": 58958,
    "inference_time_ms": 5741.9000000059605,
    "loss": 5.5952848664736345,
    "accuracy": 0.783658056827808
}