{
    "loss_values": [
        0.8343998193740845,
        0.3302117884159088,
        0.27893945574760437,
        0.24825149774551392,
        0.22572670876979828,
        0.2078077793121338,
        0.19211401045322418,
        0.17850282788276672,
        0.1659926027059555,
        0.15597499907016754
    ],
    "accuracy_values": [
        0.7609666585922241,
        0.9056333303451538,
        0.9199666976928711,
        0.9285666942596436,
        0.9350166916847229,
        0.9411500096321106,
        0.945900022983551,
        0.948983371257782,
        0.9520833492279053,
        0.9547666907310486
    ],
    "val_loss_values": [
        0.36043471097946167,
        0.2886652946472168,
        0.2528664171695709,
        0.23379473388195038,
        0.21201246976852417,
        0.1964506208896637,
        0.18688884377479553,
        0.1737007051706314,
        0.1623731404542923,
        0.15766288340091705
    ],
    "val_accuracy_values": [
        0.8999000191688538,
        0.9179999828338623,
        0.9261000156402588,
        0.9296000003814697,
        0.9375,
        0.9408000111579895,
        0.9451000094413757,
        0.9470999836921692,
        0.9501000046730042,
        0.9531999826431274
    ],
    "training_time_ms": 190930.79999999702,
    "inference_time_ms": 0.29999999701976776,
    "loss": 0.15766288340091705,
    "accuracy": 0.9531999826431274
}