{
    "loss_values": [
        1.1429998874664307,
        0.4325202703475952,
        0.3490270972251892,
        0.31154972314834595,
        0.2875848412513733,
        0.2693983018398285,
        0.2543499171733856,
        0.24122142791748047,
        0.2286204993724823,
        0.21669131517410278
    ],
    "accuracy_values": [
        0.6884666681289673,
        0.8802000284194946,
        0.8984667062759399,
        0.9101333618164062,
        0.9171666502952576,
        0.9218666553497314,
        0.9274666905403137,
        0.9306666851043701,
        0.9336667060852051,
        0.9381000399589539
    ],
    "val_loss_values": [
        0.6060030460357666,
        0.45647403597831726,
        0.3973996043205261,
        0.36929962038993835,
        0.34960344433784485,
        0.3385502099990845,
        0.3224009871482849,
        0.3079686760902405,
        0.2955073118209839,
        0.28333723545074463
    ],
    "val_accuracy_values": [
        0.8356000185012817,
        0.8629999756813049,
        0.8805999755859375,
        0.88919997215271,
        0.899399995803833,
        0.8998000025749207,
        0.9057999849319458,
        0.907800018787384,
        0.9083999991416931,
        0.9169999957084656
    ],
    "training_time_ms": 95473.29999999702,
    "inference_time_ms": 0.19999999552965164,
    "loss": 0.28333723545074463,
    "accuracy": 0.9169999957084656
}