{
    "loss_values": [
        2.108208656311035,
        1.624683141708374,
        1.0930256843566895,
        0.7593181133270264,
        0.5935459136962891,
        0.5020148158073425,
        0.4440494775772095,
        0.4036571681499481,
        0.373302161693573,
        0.35075655579566956
    ],
    "accuracy_values": [
        0.26499998569488525,
        0.5416666865348816,
        0.7506666779518127,
        0.8149999976158142,
        0.8499999642372131,
        0.8729999661445618,
        0.8844999670982361,
        0.8934999704360962,
        0.8991666436195374,
        0.9054999947547913
    ],
    "val_loss_values": [
        1.9122207164764404,
        1.414249300956726,
        0.9745768308639526,
        0.7418527603149414,
        0.6282302737236023,
        0.5490266680717468,
        0.5013680458068848,
        0.472649484872818,
        0.4447802007198334,
        0.42655202746391296
    ],
    "val_accuracy_values": [
        0.414000004529953,
        0.6639999747276306,
        0.7509999871253967,
        0.7929999828338623,
        0.8259999752044678,
        0.8479999899864197,
        0.8619999885559082,
        0.8690000176429749,
        0.8759999871253967,
        0.8799999952316284
    ],
    "training_time_ms": 15851.90000000596,
    "inference_time_ms": 0.09999999403953552,
    "loss": 0.42655202746391296,
    "accuracy": 0.8799999952316284
}