{
    "loss_values": [
        14.040337498504716,
        8.83013988591499,
        6.062601875055685,
        4.55155939305718,
        3.659577348525859,
        3.0245308865027365,
        2.5485203925482156,
        2.1531608952582064,
        1.8334144730725004,
        1.565222305501246
    ],
    "accuracy_values": [
        0.46714285714285714,
        0.7514285714285714,
        0.84,
        0.8814285714285715,
        0.9071428571428571,
        0.9228571428571428,
        0.9428571428571428,
        0.9628571428571429,
        0.9785714285714285,
        0.99
    ],
    "val_loss_values": [
        12.32451197817732,
        8.462050113620364,
        6.707610577526201,
        5.714489441112286,
        5.1820119160686255,
        4.859899106782544,
        4.561951626167787,
        4.376973255789052,
        4.2174465896922335,
        4.117631359548717
    ],
    "val_accuracy_values": [
        0.5356354348547598,
        0.7150463931658465,
        0.770703761959047,
        0.8010649504321852,
        0.816837183797746,
        0.825394305834139,
        0.8334896607454653,
        0.835711915034849,
        0.8377465764296743,
        0.8367797515115658
    ],
    "training_time_ms": 59214.39999999106,
    "inference_time_ms": 5761.4000000059605,
    "loss": 4.117631359548717,
    "accuracy": 0.8367797515115658
}