{
    "loss_values": [
        16.359176184897137,
        15.240571949424492,
        13.511761869354602,
        12.434524295829585,
        11.155665958027353,
        10.010838416304166,
        8.923966690429848,
        7.978510523797984,
        7.109370268387888,
        6.382217424614761
    ],
    "accuracy_values": [
        0.12857142857142856,
        0.2857142857142857,
        0.44285714285714284,
        0.4857142857142857,
        0.6142857142857143,
        0.7285714285714285,
        0.8428571428571429,
        0.8857142857142857,
        0.9,
        0.9
    ],
    "val_loss_values": [
        15.814349281121572,
        14.898432620421165,
        14.16476243363433,
        13.603789585913939,
        13.055400898536472,
        12.5174471094468,
        12.050175789641592,
        11.618329184902231,
        11.297993677116944,
        10.937482884180797
    ],
    "val_accuracy_values": [
        0.23582490812109425,
        0.2763231277438545,
        0.3219837263510132,
        0.39164009209340905,
        0.43963162636388337,
        0.4826895851506528,
        0.5098743010768064,
        0.5247751290594747,
        0.5320968410816685,
        0.5453388436843084
    ],
    "training_time_ms": 57207.60000000149,
    "inference_time_ms": 5684.69999999553,
    "loss": 10.937482884180797,
    "accuracy": 0.5453388436843084
}