{
    "loss_values": [
        15.420912336968748,
        12.072542803357878,
        8.928618187921133,
        6.949101005221289,
        5.491656145928744,
        4.479377499597464,
        3.74427889759977,
        3.1426033363094694,
        2.6619912044490874,
        2.2692705312320536
    ],
    "accuracy_values": [
        0.3514285714285714,
        0.5857142857142857,
        0.7457142857142857,
        0.8228571428571428,
        0.8771428571428571,
        0.9085714285714286,
        0.9228571428571428,
        0.94,
        0.9628571428571429,
        0.9742857142857143
    ],
    "val_loss_values": [
        14.835102577886335,
        11.996613630474743,
        10.082361039023041,
        8.74020530084253,
        7.917281554223362,
        7.34838090858841,
        6.905230475466541,
        6.565407672371205,
        6.301939030341444,
        6.068743050818327
    ],
    "val_accuracy_values": [
        0.2949503941190828,
        0.5834685350830593,
        0.6316099297908082,
        0.687935218021795,
        0.7034846157159471,
        0.7187181438355181,
        0.7314821461901821,
        0.740541859897486,
        0.745969073497107,
        0.7529325618458269
    ],
    "training_time_ms": 58022.20000000298,
    "inference_time_ms": 5645.29999999702,
    "loss": 6.068743050818327,
    "accuracy": 0.7529325618458269
}