{
    "loss_values": [
        2.088815689086914,
        1.4329601526260376,
        0.9119141101837158,
        0.6793035864830017,
        0.55806565284729,
        0.48527705669403076,
        0.4354991316795349,
        0.3998725116252899,
        0.373436838388443,
        0.3523949384689331
    ],
    "accuracy_values": [
        0.3488333225250244,
        0.6694999933242798,
        0.7734999656677246,
        0.8276666402816772,
        0.8510000109672546,
        0.8678333163261414,
        0.8821666836738586,
        0.8883333206176758,
        0.8984999656677246,
        0.8999999761581421
    ],
    "val_loss_values": [
        1.8559576272964478,
        1.1994909048080444,
        0.8583261966705322,
        0.7026048898696899,
        0.6097373962402344,
        0.5526807904243469,
        0.5239180326461792,
        0.4821222722530365,
        0.4698479473590851,
        0.4450443685054779
    ],
    "val_accuracy_values": [
        0.5509999990463257,
        0.7010000348091125,
        0.7600000500679016,
        0.8070000410079956,
        0.8200000524520874,
        0.8350000381469727,
        0.8400000333786011,
        0.8550000190734863,
        0.8530000448226929,
        0.8610000610351562
    ],
    "training_time_ms": 4547.9000000059605,
    "inference_time_ms": 6.700000002980232,
    "loss": 0.4450443685054779,
    "accuracy": 0.8610000610351562
}