{
    "loss_values": [
        1.2844874858856201,
        0.4676922857761383,
        0.3769051134586334,
        0.33621519804000854,
        0.3076965808868408,
        0.28583988547325134,
        0.2681010067462921,
        0.25183165073394775,
        0.23834507167339325,
        0.226376011967659
    ],
    "accuracy_values": [
        0.6407333612442017,
        0.8734999895095825,
        0.8950999975204468,
        0.9053333401679993,
        0.9123666882514954,
        0.918833315372467,
        0.9236000180244446,
        0.9290666580200195,
        0.933733344078064,
        0.9362333416938782
    ],
    "val_loss_values": [
        0.6589115262031555,
        0.49784377217292786,
        0.44360318779945374,
        0.39742958545684814,
        0.3672066926956177,
        0.36252009868621826,
        0.33290842175483704,
        0.3160833418369293,
        0.3235050141811371,
        0.293163001537323
    ],
    "val_accuracy_values": [
        0.8252000212669373,
        0.8566000461578369,
        0.8714000582695007,
        0.8824000358581543,
        0.8938000202178955,
        0.8922000527381897,
        0.9012000560760498,
        0.909600019454956,
        0.9058000445365906,
        0.9164000153541565
    ],
    "training_time_ms": 21846,
    "inference_time_ms": 7.399999998509884,
    "loss": 0.293163001537323,
    "accuracy": 0.9164000153541565
}