{
    "loss_values": [
        0.8097847700119019,
        0.3399486839771271,
        0.284319669008255,
        0.2502204179763794,
        0.2249627560377121,
        0.20564402639865875,
        0.1892385631799698,
        0.1765316128730774,
        0.16487239301204681,
        0.15534034371376038
    ],
    "accuracy_values": [
        0.7717166543006897,
        0.9016000032424927,
        0.9175500273704529,
        0.926716685295105,
        0.9333333373069763,
        0.9397000074386597,
        0.944183349609375,
        0.9481500387191772,
        0.9511333703994751,
        0.9547666907310486
    ],
    "val_loss_values": [
        0.3653227686882019,
        0.29081645607948303,
        0.2527816593647003,
        0.2275632619857788,
        0.21252115070819855,
        0.19773264229297638,
        0.1894327998161316,
        0.17248833179473877,
        0.16472110152244568,
        0.15665127336978912
    ],
    "val_accuracy_values": [
        0.8969000577926636,
        0.9145000576972961,
        0.9278000593185425,
        0.9326000213623047,
        0.9358000159263611,
        0.9426000714302063,
        0.9453000426292419,
        0.9495000243186951,
        0.9509000182151794,
        0.9539000391960144
    ],
    "training_time_ms": 41784.60000000149,
    "inference_time_ms": 82.79999999701977,
    "loss": 0.15665127336978912,
    "accuracy": 0.9539000391960144
}