{
    "loss_values": [
        16.319285835816547,
        15.669153433277197,
        14.30539273688013,
        13.308384122045833,
        12.329739054489664,
        11.650582744128844,
        10.847024462929932,
        9.984940080516099,
        9.106025168160235,
        8.281992654127968
    ],
    "accuracy_values": [
        0.11428571428571428,
        0.21428571428571427,
        0.4,
        0.5142857142857142,
        0.6142857142857143,
        0.7142857142857143,
        0.7857142857142857,
        0.8285714285714286,
        0.8714285714285714,
        0.8714285714285714
    ],
    "val_loss_values": [
        15.797024566358198,
        15.232602848608286,
        14.697575883891343,
        14.134551217184741,
        13.807131445027133,
        13.405124295624052,
        12.976442778222745,
        12.564205988664115,
        12.145611780538378,
        11.746176927445411
    ],
    "val_accuracy_values": [
        0.13053239714567633,
        0.2327646612993179,
        0.27695233737076175,
        0.3321368816942899,
        0.42251426446824636,
        0.467760156730398,
        0.4984484262609218,
        0.5118477312702885,
        0.5217148822376982,
        0.5287934905404053
    ],
    "training_time_ms": 57242.5,
    "inference_time_ms": 5669.79999999702,
    "loss": 11.746176927445411,
    "accuracy": 0.5287934905404053
}