{
    "loss_values": [
        15.710105255049017,
        12.974635153977228,
        9.626037866194011,
        7.165897022274594,
        5.454421766074665,
        4.373335056735732,
        3.6113755022183853,
        3.012119025088324,
        2.5392820859412906,
        2.161093686738634
    ],
    "accuracy_values": [
        0.3,
        0.5857142857142857,
        0.7742857142857142,
        0.8542857142857143,
        0.8971428571428571,
        0.92,
        0.9285714285714286,
        0.9514285714285714,
        0.9628571428571429,
        0.98
    ],
    "val_loss_values": [
        14.693313927533108,
        11.993041359003334,
        9.847719506783205,
        8.393152823817488,
        7.46557739402529,
        6.797543573410537,
        6.357071080657008,
        6.009043537140862,
        5.7598972399919,
        5.580679789903946
    ],
    "val_accuracy_values": [
        0.4452612384958865,
        0.6281497221783514,
        0.6844462949934672,
        0.7193068098608738,
        0.7424945081767147,
        0.7589771568866747,
        0.7680225128860428,
        0.7759766830823127,
        0.7784892819710262,
        0.7797527602693506
    ],
    "training_time_ms": 57842.79999999702,
    "inference_time_ms": 5668.29999999702,
    "loss": 5.580679789903946,
    "accuracy": 0.7797527602693506
}