{
    "loss_values": [
        15.118832490353979,
        9.90256596072928,
        6.42920952832772,
        4.793656503639704,
        3.815493509815216,
        3.1524787007391724,
        2.654530969857749,
        2.237765198672065,
        1.901559492304018,
        1.6340619235159002
    ],
    "accuracy_values": [
        0.37142857142857144,
        0.7214285714285714,
        0.82,
        0.8757142857142857,
        0.9042857142857142,
        0.9285714285714286,
        0.9442857142857143,
        0.9614285714285714,
        0.9714285714285714,
        0.98
    ],
    "val_loss_values": [
        12.730782427393335,
        8.579552072260048,
        6.748619255983702,
        5.792347890825964,
        5.139413588287012,
        4.727328308452809,
        4.478527235000629,
        4.27210473340507,
        4.075780202791454,
        3.9503352248509627
    ],
    "val_accuracy_values": [
        0.5829232745061256,
        0.7017705883201778,
        0.7606603269888454,
        0.7920460612707254,
        0.8160579517741958,
        0.8292904659518896,
        0.8354233105816823,
        0.838294924890691,
        0.8416138761021082,
        0.8417293178833749
    ],
    "training_time_ms": 59165.30000001192,
    "inference_time_ms": 5742.20000000298,
    "loss": 3.9503352248509627,
    "accuracy": 0.8417293178833749
}