{
    "loss_values": [
        1.1964141130447388,
        0.4490993618965149,
        0.3608303368091583,
        0.3221145570278168,
        0.29743102192878723,
        0.2776389718055725,
        0.26133212447166443,
        0.24817268550395966,
        0.2358630746603012,
        0.22446309030056
    ],
    "accuracy_values": [
        0.6683666706085205,
        0.8782666921615601,
        0.8997333645820618,
        0.9092666506767273,
        0.9158999919891357,
        0.9207333326339722,
        0.9259666800498962,
        0.9295666813850403,
        0.9332333207130432,
        0.9361667037010193
    ],
    "val_loss_values": [
        0.6403549909591675,
        0.47088825702667236,
        0.4132636785507202,
        0.3836814761161804,
        0.37887120246887207,
        0.3402475416660309,
        0.3295651376247406,
        0.3214598298072815,
        0.309370219707489,
        0.3033241927623749
    ],
    "val_accuracy_values": [
        0.8312000632286072,
        0.8662000298500061,
        0.878000020980835,
        0.8926000595092773,
        0.8910000324249268,
        0.9022000432014465,
        0.9050000309944153,
        0.9026000499725342,
        0.9092000722885132,
        0.909000039100647
    ],
    "training_time_ms": 21598.80000000447,
    "inference_time_ms": 8.699999995529652,
    "loss": 0.3033241927623749,
    "accuracy": 0.909000039100647
}