{
    "loss_values": [
        2.1707491874694824,
        1.6547579765319824,
        1.1115328073501587,
        0.7862194776535034,
        0.6172987818717957,
        0.5226714611053467,
        0.4648200571537018,
        0.4249579906463623,
        0.39630863070487976,
        0.37324970960617065
    ],
    "accuracy_values": [
        0.22983333468437195,
        0.5019999742507935,
        0.7249999642372131,
        0.8053333163261414,
        0.8376666307449341,
        0.8578333258628845,
        0.8726666569709778,
        0.8784999847412109,
        0.8881666660308838,
        0.8945000171661377
    ],
    "val_loss_values": [
        2.0131542682647705,
        1.436248779296875,
        1.0013477802276611,
        0.7621293067932129,
        0.6406629681587219,
        0.5669105648994446,
        0.5206060409545898,
        0.48836851119995117,
        0.4578443765640259,
        0.44406363368034363
    ],
    "val_accuracy_values": [
        0.35600000619888306,
        0.6100000143051147,
        0.7600000500679016,
        0.7950000166893005,
        0.8130000233650208,
        0.8400000333786011,
        0.8480000495910645,
        0.8600000143051147,
        0.8720000386238098,
        0.8750000596046448
    ],
    "training_time_ms": 4583.70000000298,
    "inference_time_ms": 6.299999997019768,
    "loss": 0.44406363368034363,
    "accuracy": 0.8750000596046448
}