{
    "loss_values": [
        0.756318211555481,
        0.3451739251613617,
        0.29454976320266724,
        0.26164859533309937,
        0.23666924238204956,
        0.21756738424301147,
        0.2012413740158081,
        0.18768805265426636,
        0.17559391260147095,
        0.16456849873065948
    ],
    "accuracy_values": [
        0.7888166904449463,
        0.9001666903495789,
        0.9158999919891357,
        0.9248833656311035,
        0.9324333667755127,
        0.937666654586792,
        0.9429166913032532,
        0.9468666911125183,
        0.9503666758537292,
        0.9529500007629395
    ],
    "val_loss_values": [
        0.3723319172859192,
        0.29605063796043396,
        0.26018625497817993,
        0.2446536272764206,
        0.22200816869735718,
        0.20425687730312347,
        0.19458095729351044,
        0.17945809662342072,
        0.17195507884025574,
        0.1677168905735016
    ],
    "val_accuracy_values": [
        0.8921000361442566,
        0.9159000515937805,
        0.9269000291824341,
        0.9341000318527222,
        0.9371000528335571,
        0.9409000277519226,
        0.9431000351905823,
        0.9476000666618347,
        0.9504000544548035,
        0.9503000378608704
    ],
    "training_time_ms": 43875.39999999851,
    "inference_time_ms": 79.69999999552965,
    "loss": 0.1677168905735016,
    "accuracy": 0.9503000378608704
}