{
    "loss_values": [
        1.9853225946426392,
        1.2976747751235962,
        0.8136569857597351,
        0.5983158946037292,
        0.4922080338001251,
        0.4310614764690399,
        0.3921465575695038,
        0.36432579159736633,
        0.34387877583503723,
        0.3269684612751007
    ],
    "accuracy_values": [
        0.31933334469795227,
        0.6809999942779541,
        0.809333324432373,
        0.8501666784286499,
        0.8706666827201843,
        0.8884999752044678,
        0.893833339214325,
        0.9018333554267883,
        0.9085000157356262,
        0.9111666679382324
    ],
    "val_loss_values": [
        1.7429299354553223,
        1.1136462688446045,
        0.7965505123138428,
        0.6446353197097778,
        0.5610311031341553,
        0.5124989151954651,
        0.4849519431591034,
        0.4648053050041199,
        0.43873175978660583,
        0.4233465790748596
    ],
    "val_accuracy_values": [
        0.5170000195503235,
        0.7089999914169312,
        0.7870000004768372,
        0.8119999766349792,
        0.843999981880188,
        0.8550000190734863,
        0.8640000224113464,
        0.8619999885559082,
        0.8769999742507935,
        0.8759999871253967
    ],
    "training_time_ms": 7389.79434967041,
    "inference_time_ms": 260.91766357421875,
    "loss": 0.4233465790748596,
    "accuracy": 0.8759999871253967
}