{
    "loss_values": [
        0.7829338908195496,
        0.32058247923851013,
        0.2669728100299835,
        0.2363416999578476,
        0.21466758847236633,
        0.1976778209209442,
        0.18419617414474487,
        0.17253869771957397,
        0.16237986087799072,
        0.15332914888858795
    ],
    "accuracy_values": [
        0.7759666442871094,
        0.908133327960968,
        0.9241833090782166,
        0.9321833252906799,
        0.9382666945457458,
        0.9428166747093201,
        0.9471166729927063,
        0.9506666660308838,
        0.9533500075340271,
        0.9565333127975464
    ],
    "val_loss_values": [
        0.34572264552116394,
        0.2740030586719513,
        0.23850983381271362,
        0.2254365235567093,
        0.20667795836925507,
        0.1851254403591156,
        0.1738070845603943,
        0.1697143316268921,
        0.16370950639247894,
        0.1524227112531662
    ],
    "val_accuracy_values": [
        0.9013000130653381,
        0.9218999743461609,
        0.9315000176429749,
        0.933899998664856,
        0.9397000074386597,
        0.9458000063896179,
        0.9495999813079834,
        0.949999988079071,
        0.9506000280380249,
        0.9542999863624573
    ],
    "training_time_ms": 52457.53979682922,
    "inference_time_ms": 256.68907165527344,
    "loss": 0.1524227112531662,
    "accuracy": 0.9542999863624573
}