{
    "loss_values": [
        1.015509843826294,
        0.4122566282749176,
        0.34271240234375,
        0.30832213163375854,
        0.2849287688732147,
        0.2662771940231323,
        0.24953894317150116,
        0.23564285039901733,
        0.22331392765045166,
        0.21187624335289001
    ],
    "accuracy_values": [
        0.7196999788284302,
        0.8838000297546387,
        0.9014666676521301,
        0.9117000102996826,
        0.9177333116531372,
        0.9248999953269958,
        0.9285666942596436,
        0.9326333403587341,
        0.9351666569709778,
        0.9390666484832764
    ],
    "val_loss_values": [
        0.5808241367340088,
        0.45179253816604614,
        0.4105723202228546,
        0.3714308738708496,
        0.3429872691631317,
        0.329257071018219,
        0.3147828280925751,
        0.3032163679599762,
        0.2857531011104584,
        0.2786880135536194
    ],
    "val_accuracy_values": [
        0.8381999731063843,
        0.870199978351593,
        0.8827999830245972,
        0.8925999999046326,
        0.9007999897003174,
        0.9039999842643738,
        0.9089999794960022,
        0.9088000059127808,
        0.9147999882698059,
        0.9143999814987183
    ],
    "training_time_ms": 28321.727991104126,
    "inference_time_ms": 255.19132614135742,
    "loss": 0.2786880135536194,
    "accuracy": 0.9143999814987183
}