{
    "loss_values": [
        2.0942575931549072,
        1.452021837234497,
        0.9079189896583557,
        0.6630610227584839,
        0.5410959720611572,
        0.4685085117816925,
        0.42303580045700073,
        0.3911193311214447,
        0.36818668246269226,
        0.34976691007614136
    ],
    "accuracy_values": [
        0.2941666543483734,
        0.6246666312217712,
        0.7693333029747009,
        0.8326666355133057,
        0.8579999804496765,
        0.8778333067893982,
        0.8883333206176758,
        0.8968333005905151,
        0.9001666307449341,
        0.906499981880188
    ],
    "val_loss_values": [
        1.860464334487915,
        1.2095674276351929,
        0.8505904078483582,
        0.6932828426361084,
        0.5885003805160522,
        0.5267603397369385,
        0.48868757486343384,
        0.4690204858779907,
        0.4433424770832062,
        0.4268825650215149
    ],
    "val_accuracy_values": [
        0.4650000035762787,
        0.6940000057220459,
        0.7639999985694885,
        0.8040000200271606,
        0.8330000042915344,
        0.8479999899864197,
        0.8629999756813049,
        0.8669999837875366,
        0.8659999966621399,
        0.8759999871253967
    ],
    "training_time_ms": 10466.30000000447,
    "inference_time_ms": 0.5999999940395355,
    "loss": 0.4268825650215149,
    "accuracy": 0.8759999871253967
}