{
    "loss_values": [
        0.7856266498565674,
        0.34447282552719116,
        0.28940892219543457,
        0.25539642572402954,
        0.2318226546049118,
        0.21382777392864227,
        0.19946375489234924,
        0.18701519072055817,
        0.17707982659339905,
        0.1669447422027588
    ],
    "accuracy_values": [
        0.7819333672523499,
        0.9008499979972839,
        0.916100025177002,
        0.9263666868209839,
        0.9335333704948425,
        0.9380500316619873,
        0.9427000284194946,
        0.9463333487510681,
        0.9491833448410034,
        0.9517666697502136
    ],
    "val_loss_values": [
        0.37754881381988525,
        0.30812615156173706,
        0.2620920240879059,
        0.23984353244304657,
        0.2217273712158203,
        0.2018321007490158,
        0.18976832926273346,
        0.17895816266536713,
        0.1703871786594391,
        0.16547635197639465
    ],
    "val_accuracy_values": [
        0.8895999789237976,
        0.9085000157356262,
        0.927299976348877,
        0.9314000010490417,
        0.9333999752998352,
        0.9412000179290771,
        0.9458000063896179,
        0.9488000273704529,
        0.9502999782562256,
        0.9506999850273132
    ],
    "training_time_ms": 106001,
    "inference_time_ms": 1.2999999970197678,
    "loss": 0.16547635197639465,
    "accuracy": 0.9506999850273132
}