{
    "loss_values": [
        1.2998892068862915,
        0.4791306257247925,
        0.37242528796195984,
        0.3291482925415039,
        0.3010147511959076,
        0.28055548667907715,
        0.26418477296829224,
        0.2487611472606659,
        0.23519590497016907,
        0.22422073781490326
    ],
    "accuracy_values": [
        0.6090666651725769,
        0.8676000237464905,
        0.8960000276565552,
        0.9079999923706055,
        0.914733350276947,
        0.9219333529472351,
        0.9255666732788086,
        0.9294333457946777,
        0.9337999820709229,
        0.9363000392913818
    ],
    "val_loss_values": [
        0.6879329085350037,
        0.47649770975112915,
        0.42311275005340576,
        0.3783080577850342,
        0.3625197410583496,
        0.3446003794670105,
        0.3266429007053375,
        0.3145224153995514,
        0.30670201778411865,
        0.29075199365615845
    ],
    "val_accuracy_values": [
        0.8050000071525574,
        0.8614000082015991,
        0.8748000264167786,
        0.8930000066757202,
        0.8960000276565552,
        0.9031999707221985,
        0.9088000059127808,
        0.9111999869346619,
        0.9143999814987183,
        0.9168000221252441
    ],
    "training_time_ms": 51810.10000000149,
    "inference_time_ms": 0.6000000014901161,
    "loss": 0.29075199365615845,
    "accuracy": 0.9168000221252441
}