{
    "loss_values": [
        0.8244768977165222,
        0.34391698241233826,
        0.2949216961860657,
        0.2653200328350067,
        0.24193789064884186,
        0.22122184932231903,
        0.2034740298986435,
        0.18923591077327728,
        0.17626354098320007,
        0.16617630422115326
    ],
    "accuracy_values": [
        0.767133355140686,
        0.9003000259399414,
        0.9139333367347717,
        0.9232833385467529,
        0.9301999807357788,
        0.9367833733558655,
        0.9419500231742859,
        0.9456166625022888,
        0.9495833516120911,
        0.9518666863441467
    ],
    "val_loss_values": [
        0.3647920489311218,
        0.2979927361011505,
        0.2699204087257385,
        0.2482239156961441,
        0.2301916927099228,
        0.21073077619075775,
        0.19789940118789673,
        0.18782339990139008,
        0.1848391890525818,
        0.17057175934314728
    ],
    "val_accuracy_values": [
        0.8969000577926636,
        0.9160000681877136,
        0.9231000542640686,
        0.9262000322341919,
        0.9333000183105469,
        0.9394000172615051,
        0.9435000419616699,
        0.9451000690460205,
        0.9467000365257263,
        0.9506000280380249
    ],
    "training_time_ms": 42340.5,
    "inference_time_ms": 88.5,
    "loss": 0.17057175934314728,
    "accuracy": 0.9506000280380249
}