{
    "loss_values": [
        1.1798770427703857,
        0.4263102114200592,
        0.34847012162208557,
        0.31254303455352783,
        0.28678280115127563,
        0.26837804913520813,
        0.2512110471725464,
        0.2377355545759201,
        0.2257070392370224,
        0.21527333557605743
    ],
    "accuracy_values": [
        0.6840000152587891,
        0.8837000131607056,
        0.9025999903678894,
        0.913100004196167,
        0.9203667044639587,
        0.9248999953269958,
        0.9297666549682617,
        0.9333000183105469,
        0.9370999932289124,
        0.9398999810218811
    ],
    "val_loss_values": [
        0.5941824316978455,
        0.4547235667705536,
        0.3995458483695984,
        0.3735983073711395,
        0.352820485830307,
        0.3294644057750702,
        0.31745776534080505,
        0.3086306154727936,
        0.2897319793701172,
        0.28168004751205444
    ],
    "val_accuracy_values": [
        0.8320000171661377,
        0.8660000562667847,
        0.8828000426292419,
        0.8938000202178955,
        0.8998000621795654,
        0.9050000309944153,
        0.9110000729560852,
        0.9062000513076782,
        0.9130000472068787,
        0.9180000424385071
    ],
    "training_time_ms": 21754.30000000447,
    "inference_time_ms": 7.199999995529652,
    "loss": 0.28168004751205444,
    "accuracy": 0.9180000424385071
}