{
    "loss_values": [
        2.1920359134674072,
        1.730899453163147,
        1.1714903116226196,
        0.8299921751022339,
        0.6438721418380737,
        0.5411072969436646,
        0.4763813018798828,
        0.42917346954345703,
        0.39441409707069397,
        0.36754000186920166
    ],
    "accuracy_values": [
        0.25949999690055847,
        0.5223333239555359,
        0.6968333125114441,
        0.7913333177566528,
        0.8330000042915344,
        0.8568333387374878,
        0.8731666803359985,
        0.8853332996368408,
        0.8928333520889282,
        0.8988333344459534
    ],
    "val_loss_values": [
        2.050570011138916,
        1.5088094472885132,
        1.0628212690353394,
        0.8103824257850647,
        0.678017258644104,
        0.6106038093566895,
        0.5423809289932251,
        0.4987606108188629,
        0.46724948287010193,
        0.4492913782596588
    ],
    "val_accuracy_values": [
        0.43400001525878906,
        0.5850000381469727,
        0.7230000495910645,
        0.7870000600814819,
        0.812000036239624,
        0.8420000672340393,
        0.8390000462532043,
        0.859000027179718,
        0.8700000643730164,
        0.8710000514984131
    ],
    "training_time_ms": 4568.79999999702,
    "inference_time_ms": 7.899999998509884,
    "loss": 0.4492913782596588,
    "accuracy": 0.8710000514984131
}