{
    "loss_values": [
        0.7784802317619324,
        0.32874050736427307,
        0.278687447309494,
        0.24816912412643433,
        0.2244565486907959,
        0.20499862730503082,
        0.1884443610906601,
        0.1758420467376709,
        0.1643158197402954,
        0.153947651386261
    ],
    "accuracy_values": [
        0.7823333144187927,
        0.9052333235740662,
        0.9190833568572998,
        0.9290000200271606,
        0.9351666569709778,
        0.9407166838645935,
        0.9464666843414307,
        0.9490000009536743,
        0.9525499939918518,
        0.9557999968528748
    ],
    "val_loss_values": [
        0.3485795259475708,
        0.28056374192237854,
        0.250102162361145,
        0.23071594536304474,
        0.2100609838962555,
        0.19869698584079742,
        0.19064070284366608,
        0.17717289924621582,
        0.16752968728542328,
        0.15991683304309845
    ],
    "val_accuracy_values": [
        0.8988999724388123,
        0.9182999730110168,
        0.9276000261306763,
        0.9340000152587891,
        0.9397000074386597,
        0.9433000087738037,
        0.9462000131607056,
        0.9466000199317932,
        0.9505000114440918,
        0.9521999955177307
    ],
    "training_time_ms": 52502.60329246521,
    "inference_time_ms": 265.57278633117676,
    "loss": 0.15991683304309845,
    "accuracy": 0.9521999955177307
}