{
    "loss_values": [
        1.0834736824035645,
        0.42503196001052856,
        0.3481296896934509,
        0.3121182322502136,
        0.287346750497818,
        0.26841485500335693,
        0.2526829242706299,
        0.23790837824344635,
        0.22541552782058716,
        0.21432071924209595
    ],
    "accuracy_values": [
        0.6964666843414307,
        0.8828333616256714,
        0.9017333388328552,
        0.9114333391189575,
        0.919866681098938,
        0.9244999885559082,
        0.9290333390235901,
        0.9322666525840759,
        0.9358000159263611,
        0.9391000270843506
    ],
    "val_loss_values": [
        0.6039478778839111,
        0.4491816759109497,
        0.43160268664360046,
        0.37924081087112427,
        0.34551605582237244,
        0.3294934034347534,
        0.31448894739151,
        0.30132943391799927,
        0.28996264934539795,
        0.2816758453845978
    ],
    "val_accuracy_values": [
        0.829800009727478,
        0.875,
        0.8781999945640564,
        0.8924000263214111,
        0.9021999835968018,
        0.9064000248908997,
        0.9114000201225281,
        0.9164000153541565,
        0.9156000018119812,
        0.920799970626831
    ],
    "training_time_ms": 27234.700679779053,
    "inference_time_ms": 255.53417205810547,
    "loss": 0.2816758453845978,
    "accuracy": 0.920799970626831
}