{
    "loss_values": [
        2.055605173110962,
        1.355050802230835,
        0.8602068424224854,
        0.6395878791809082,
        0.5209360718727112,
        0.44697046279907227,
        0.397602379322052,
        0.36375692486763,
        0.3377922475337982,
        0.3191010653972626
    ],
    "accuracy_values": [
        0.3173333406448364,
        0.6504999995231628,
        0.7808333039283752,
        0.8324999809265137,
        0.8618333339691162,
        0.8836666941642761,
        0.8955000042915344,
        0.9041666388511658,
        0.9089999794960022,
        0.9144999980926514
    ],
    "val_loss_values": [
        1.7528048753738403,
        1.1241120100021362,
        0.8275932669639587,
        0.6773647665977478,
        0.5955584049224854,
        0.5252686738967896,
        0.4807555675506592,
        0.45623448491096497,
        0.439022034406662,
        0.4172714948654175
    ],
    "val_accuracy_values": [
        0.5090000033378601,
        0.6909999847412109,
        0.7490000128746033,
        0.7940000295639038,
        0.8230000138282776,
        0.8479999899864197,
        0.8579999804496765,
        0.8709999918937683,
        0.8769999742507935,
        0.8790000081062317
    ],
    "training_time_ms": 7067.811012268066,
    "inference_time_ms": 256.1831474304199,
    "loss": 0.4172714948654175,
    "accuracy": 0.8790000081062317
}