{
    "loss_values": [
        0.7498869895935059,
        0.33001112937927246,
        0.27948179841041565,
        0.2483387440443039,
        0.2247232049703598,
        0.20616140961647034,
        0.19052986800670624,
        0.1780741661787033,
        0.16708935797214508,
        0.15745535492897034
    ],
    "accuracy_values": [
        0.7857166528701782,
        0.9055333137512207,
        0.9194833040237427,
        0.9280166625976562,
        0.9356666803359985,
        0.9414666891098022,
        0.9453499913215637,
        0.9488833546638489,
        0.9517833590507507,
        0.9549833536148071
    ],
    "val_loss_values": [
        0.3507339656352997,
        0.2862052619457245,
        0.2507038414478302,
        0.2296847701072693,
        0.21718136966228485,
        0.19448322057724,
        0.18480534851551056,
        0.17334069311618805,
        0.16937434673309326,
        0.15828609466552734
    ],
    "val_accuracy_values": [
        0.9039000272750854,
        0.919700026512146,
        0.9290000200271606,
        0.9341999888420105,
        0.9355000257492065,
        0.9458000063896179,
        0.9478999972343445,
        0.9495999813079834,
        0.9502000212669373,
        0.9537000060081482
    ],
    "training_time_ms": 52703.29236984253,
    "inference_time_ms": 255.6319236755371,
    "loss": 0.15828609466552734,
    "accuracy": 0.9537000060081482
}