{
    "loss_values": [
        2.070571184158325,
        1.5130236148834229,
        0.9853408336639404,
        0.7137749791145325,
        0.574774444103241,
        0.49191102385520935,
        0.4358728528022766,
        0.39385175704956055,
        0.36515510082244873,
        0.33861106634140015
    ],
    "accuracy_values": [
        0.28066667914390564,
        0.5543333292007446,
        0.7393333315849304,
        0.8130000233650208,
        0.8516666889190674,
        0.8673333525657654,
        0.8840000033378601,
        0.8930000066757202,
        0.9008333086967468,
        0.9068333506584167
    ],
    "val_loss_values": [
        1.8846510648727417,
        1.3061765432357788,
        0.9196099638938904,
        0.7288548350334167,
        0.6182650327682495,
        0.5578376650810242,
        0.5024656653404236,
        0.4724915325641632,
        0.43864384293556213,
        0.421051561832428
    ],
    "val_accuracy_values": [
        0.3919999897480011,
        0.6290000081062317,
        0.7319999933242798,
        0.7839999794960022,
        0.8289999961853027,
        0.8360000252723694,
        0.8510000109672546,
        0.8629999756813049,
        0.8629999756813049,
        0.8740000128746033
    ],
    "training_time_ms": 6340.530157089233,
    "inference_time_ms": 244.8415756225586,
    "loss": 0.421051561832428,
    "accuracy": 0.8740000128746033
}