{
    "loss_values": [
        1.1430613994598389,
        0.43615251779556274,
        0.3454217314720154,
        0.3021182417869568,
        0.2728237509727478,
        0.25053107738494873,
        0.23257343471050262,
        0.21806755661964417,
        0.2060309797525406,
        0.19552969932556152
    ],
    "accuracy_values": [
        0.6631333231925964,
        0.876800000667572,
        0.9020333290100098,
        0.9140333533287048,
        0.9227333068847656,
        0.9296000003814697,
        0.9330333471298218,
        0.9379333257675171,
        0.9413666725158691,
        0.944766640663147
    ],
    "val_loss_values": [
        0.6126199960708618,
        0.4428636133670807,
        0.38949987292289734,
        0.35322052240371704,
        0.32653865218162537,
        0.3088894188404083,
        0.28421899676322937,
        0.2806883156299591,
        0.26521915197372437,
        0.2554420530796051
    ],
    "val_accuracy_values": [
        0.8163999915122986,
        0.8686000108718872,
        0.8827999830245972,
        0.8980000019073486,
        0.9035999774932861,
        0.9107999801635742,
        0.9182000160217285,
        0.9156000018119812,
        0.9187999963760376,
        0.9259999990463257
    ],
    "training_time_ms": 28179.303884506226,
    "inference_time_ms": 263.2782459259033,
    "loss": 0.2554420530796051,
    "accuracy": 0.9259999990463257
}