{
    "loss_values": [
        0.8251557946205139,
        0.348903626203537,
        0.29226070642471313,
        0.2577495276927948,
        0.2326371967792511,
        0.21268032491207123,
        0.19661971926689148,
        0.183837890625,
        0.17197884619235992,
        0.1630837470293045
    ],
    "accuracy_values": [
        0.7737833261489868,
        0.9008333683013916,
        0.916533350944519,
        0.9257500171661377,
        0.9331333637237549,
        0.9383500218391418,
        0.9426000118255615,
        0.9468833208084106,
        0.9498000144958496,
        0.9524333477020264
    ],
    "val_loss_values": [
        0.3831650912761688,
        0.30627286434173584,
        0.26149189472198486,
        0.23440980911254883,
        0.2127317190170288,
        0.19472266733646393,
        0.19252079725265503,
        0.17614789307117462,
        0.1670452505350113,
        0.15926605463027954
    ],
    "val_accuracy_values": [
        0.8945000171661377,
        0.9118000268936157,
        0.926800012588501,
        0.9325000047683716,
        0.9381999969482422,
        0.9427000284194946,
        0.9431999921798706,
        0.9466999769210815,
        0.9495999813079834,
        0.9508000016212463
    ],
    "training_time_ms": 191331,
    "inference_time_ms": 0.20000000298023224,
    "loss": 0.15926605463027954,
    "accuracy": 0.9508000016212463
}