{
    "loss_values": [
        2.150635242462158,
        1.5611764192581177,
        0.9573364853858948,
        0.6775848269462585,
        0.5454840660095215,
        0.4682575762271881,
        0.4195598363876343,
        0.3850403130054474,
        0.35934871435165405,
        0.3394699990749359
    ],
    "accuracy_values": [
        0.32749998569488525,
        0.6508333086967468,
        0.7598333358764648,
        0.8159999847412109,
        0.8506666421890259,
        0.8700000047683716,
        0.8823333382606506,
        0.8941666483879089,
        0.8991666436195374,
        0.906166672706604
    ],
    "val_loss_values": [
        1.962004542350769,
        1.291573405265808,
        0.8740457892417908,
        0.6795896887779236,
        0.5793178677558899,
        0.5228649973869324,
        0.4700092375278473,
        0.4448040723800659,
        0.4250967800617218,
        0.4046398103237152
    ],
    "val_accuracy_values": [
        0.492000013589859,
        0.6890000104904175,
        0.7580000162124634,
        0.8080000281333923,
        0.828000009059906,
        0.8389999866485596,
        0.8600000143051147,
        0.8619999885559082,
        0.8700000047683716,
        0.8790000081062317
    ],
    "training_time_ms": 16073.79999999702,
    "inference_time_ms": 0.19999999552965164,
    "loss": 0.4046398103237152,
    "accuracy": 0.8790000081062317
}