{
    "loss_values": [
        1.1522270441055298,
        0.44323500990867615,
        0.35669809579849243,
        0.3190898001194,
        0.29454463720321655,
        0.27540332078933716,
        0.2592957615852356,
        0.2447740137577057,
        0.23283641040325165,
        0.2215094119310379
    ],
    "accuracy_values": [
        0.6721000075340271,
        0.8806333541870117,
        0.901366651058197,
        0.9100666642189026,
        0.9164000153541565,
        0.9230666756629944,
        0.9267333149909973,
        0.9307667016983032,
        0.9348666667938232,
        0.9371333718299866
    ],
    "val_loss_values": [
        0.6275869607925415,
        0.45429834723472595,
        0.4116969108581543,
        0.3731776475906372,
        0.3547455668449402,
        0.33900561928749084,
        0.320856511592865,
        0.3070610463619232,
        0.30364754796028137,
        0.2885706424713135
    ],
    "val_accuracy_values": [
        0.8325999975204468,
        0.8694000244140625,
        0.8795999884605408,
        0.8899999856948853,
        0.8971999883651733,
        0.902400016784668,
        0.9067999720573425,
        0.9101999998092651,
        0.9107999801635742,
        0.9168000221252441
    ],
    "training_time_ms": 94821.60000000149,
    "inference_time_ms": 0.29999999701976776,
    "loss": 0.2885706424713135,
    "accuracy": 0.9168000221252441
}