{
    "loss_values": [
        1.2460315227508545,
        0.45618003606796265,
        0.362893670797348,
        0.3196069598197937,
        0.29034188389778137,
        0.2674843668937683,
        0.2485847920179367,
        0.23243945837020874,
        0.21913227438926697,
        0.206298828125
    ],
    "accuracy_values": [
        0.6399999856948853,
        0.8734333515167236,
        0.8994333148002625,
        0.9100000262260437,
        0.9176333546638489,
        0.9239667057991028,
        0.9294999837875366,
        0.9333333373069763,
        0.9372333288192749,
        0.940833330154419
    ],
    "val_loss_values": [
        0.6532087326049805,
        0.47978752851486206,
        0.42927056550979614,
        0.3814568817615509,
        0.3571957051753998,
        0.336344838142395,
        0.3186214864253998,
        0.3092465102672577,
        0.2919449210166931,
        0.27433645725250244
    ],
    "val_accuracy_values": [
        0.8216000199317932,
        0.859000027179718,
        0.8720000386238098,
        0.888200044631958,
        0.8936000466346741,
        0.9026000499725342,
        0.9080000519752502,
        0.907800018787384,
        0.9130000472068787,
        0.9190000295639038
    ],
    "training_time_ms": 21647.10000000149,
    "inference_time_ms": 8.100000001490116,
    "loss": 0.27433645725250244,
    "accuracy": 0.9190000295639038
}