{
    "loss_values": [
        0.7759149074554443,
        0.3329313397407532,
        0.2813751995563507,
        0.24864710867404938,
        0.22460536658763885,
        0.20505163073539734,
        0.19011437892913818,
        0.17692522704601288,
        0.16625283658504486,
        0.15687401592731476
    ],
    "accuracy_values": [
        0.7920833230018616,
        0.9050166606903076,
        0.9201499819755554,
        0.9283166527748108,
        0.9355166554450989,
        0.94118332862854,
        0.9447333216667175,
        0.9479833245277405,
        0.9508833289146423,
        0.9543666839599609
    ],
    "val_loss_values": [
        0.353840172290802,
        0.2869773805141449,
        0.2552107274532318,
        0.22989080846309662,
        0.20840254426002502,
        0.19715450704097748,
        0.18032041192054749,
        0.1725437492132187,
        0.16983553767204285,
        0.15757973492145538
    ],
    "val_accuracy_values": [
        0.9015000462532043,
        0.9196000695228577,
        0.9248000383377075,
        0.9314000606536865,
        0.9384000301361084,
        0.9408000707626343,
        0.9453000426292419,
        0.9482000470161438,
        0.9491000175476074,
        0.95250004529953
    ],
    "training_time_ms": 43464.79999999702,
    "inference_time_ms": 48.899999998509884,
    "loss": 0.15757973492145538,
    "accuracy": 0.95250004529953
}