{
    "loss_values": [
        2.085296869277954,
        1.4834166765213013,
        0.9479345083236694,
        0.6988612413406372,
        0.5715704560279846,
        0.4933329224586487,
        0.44198545813560486,
        0.4026656150817871,
        0.3748984634876251,
        0.350640207529068
    ],
    "accuracy_values": [
        0.2854999899864197,
        0.6261666417121887,
        0.7599999904632568,
        0.8146666288375854,
        0.8498333096504211,
        0.8651666641235352,
        0.8811666369438171,
        0.8933333158493042,
        0.8989999890327454,
        0.9058333039283752
    ],
    "val_loss_values": [
        1.8823750019073486,
        1.248714566230774,
        0.8848572969436646,
        0.7120476365089417,
        0.6276399493217468,
        0.5508258938789368,
        0.507731020450592,
        0.48554447293281555,
        0.4578542709350586,
        0.43281930685043335
    ],
    "val_accuracy_values": [
        0.4700000286102295,
        0.6610000133514404,
        0.7490000128746033,
        0.7870000600814819,
        0.8110000491142273,
        0.8440000414848328,
        0.8520000576972961,
        0.8580000400543213,
        0.8650000691413879,
        0.8680000305175781
    ],
    "training_time_ms": 4558.10000000149,
    "inference_time_ms": 6.5999999940395355,
    "loss": 0.43281930685043335,
    "accuracy": 0.8680000305175781
}