{
    "loss_values": [
        0.7986388206481934,
        0.34397217631340027,
        0.29319673776626587,
        0.26085054874420166,
        0.23639845848083496,
        0.21600191295146942,
        0.19906488060951233,
        0.184464231133461,
        0.172030508518219,
        0.16171595454216003
    ],
    "accuracy_values": [
        0.776283323764801,
        0.9015833139419556,
        0.9168000221252441,
        0.9248166680335999,
        0.9318833351135254,
        0.9380000233650208,
        0.9423333406448364,
        0.9473666548728943,
        0.950950026512146,
        0.9534500241279602
    ],
    "val_loss_values": [
        0.37071987986564636,
        0.305745005607605,
        0.26718032360076904,
        0.24687078595161438,
        0.22635191679000854,
        0.20625579357147217,
        0.1935708224773407,
        0.17977699637413025,
        0.17026802897453308,
        0.15998052060604095
    ],
    "val_accuracy_values": [
        0.8946000337600708,
        0.912600040435791,
        0.9240000247955322,
        0.9303000569343567,
        0.9367000460624695,
        0.9413000345230103,
        0.9450000524520874,
        0.9487000703811646,
        0.9521000385284424,
        0.9545000195503235
    ],
    "training_time_ms": 45215.20000000298,
    "inference_time_ms": 92.89999999850988,
    "loss": 0.15998052060604095,
    "accuracy": 0.9545000195503235
}