{
    "loss_values": [
        1.2902085781097412,
        0.47613388299942017,
        0.3648221492767334,
        0.3211723268032074,
        0.29412364959716797,
        0.2737751007080078,
        0.2569272220134735,
        0.2417168766260147,
        0.22716574370861053,
        0.2150682508945465
    ],
    "accuracy_values": [
        0.6467333436012268,
        0.8705999851226807,
        0.8971999883651733,
        0.9083333611488342,
        0.916866660118103,
        0.9214000105857849,
        0.9272000193595886,
        0.932533323764801,
        0.935366690158844,
        0.9395333528518677
    ],
    "val_loss_values": [
        0.7032985687255859,
        0.485544353723526,
        0.42062634229660034,
        0.37671852111816406,
        0.3557540476322174,
        0.34022435545921326,
        0.3221348822116852,
        0.31280192732810974,
        0.29765716195106506,
        0.28175002336502075
    ],
    "val_accuracy_values": [
        0.8048000335693359,
        0.8614000678062439,
        0.8750000596046448,
        0.8908000588417053,
        0.8952000141143799,
        0.9018000364303589,
        0.9098000526428223,
        0.9058000445365906,
        0.9146000146865845,
        0.915600061416626
    ],
    "training_time_ms": 21923.80000000447,
    "inference_time_ms": 7.100000001490116,
    "loss": 0.28175002336502075,
    "accuracy": 0.915600061416626
}