{
    "loss_values": [
        2.094454765319824,
        1.486355185508728,
        0.9165728092193604,
        0.6550217270851135,
        0.5302301645278931,
        0.4588489234447479,
        0.4124544560909271,
        0.3785780072212219,
        0.3549760580062866,
        0.33512258529663086
    ],
    "accuracy_values": [
        0.3648333251476288,
        0.6578333377838135,
        0.781333327293396,
        0.8336666822433472,
        0.8583333492279053,
        0.8768333196640015,
        0.8861666321754456,
        0.8981666564941406,
        0.8991666436195374,
        0.9076666831970215
    ],
    "val_loss_values": [
        1.8858160972595215,
        1.2558183670043945,
        0.8589367866516113,
        0.6850335597991943,
        0.5984032154083252,
        0.5250823497772217,
        0.49395057559013367,
        0.4689897894859314,
        0.44631633162498474,
        0.44004103541374207
    ],
    "val_accuracy_values": [
        0.5320000052452087,
        0.6920000314712524,
        0.76500004529953,
        0.8110000491142273,
        0.8210000395774841,
        0.843000054359436,
        0.862000048160553,
        0.8550000190734863,
        0.8690000176429749,
        0.8710000514984131
    ],
    "training_time_ms": 4590.5,
    "inference_time_ms": 6.600000001490116,
    "loss": 0.44004103541374207,
    "accuracy": 0.8710000514984131
}