{
    "loss_values": [
        2.1143014430999756,
        1.5570095777511597,
        0.9902063012123108,
        0.7059308886528015,
        0.5651707649230957,
        0.48464733362197876,
        0.43353739380836487,
        0.39741671085357666,
        0.37033647298812866,
        0.34981217980384827
    ],
    "accuracy_values": [
        0.3531666696071625,
        0.609666645526886,
        0.7670000195503235,
        0.8316666483879089,
        0.8589999675750732,
        0.8736666440963745,
        0.8843333125114441,
        0.8934999704360962,
        0.8995000123977661,
        0.9020000100135803
    ],
    "val_loss_values": [
        1.9275898933410645,
        1.297872543334961,
        0.8932166695594788,
        0.7049214839935303,
        0.5988443493843079,
        0.5317350625991821,
        0.5026547908782959,
        0.46875056624412537,
        0.4519156515598297,
        0.43019118905067444
    ],
    "val_accuracy_values": [
        0.4740000069141388,
        0.6190000176429749,
        0.7570000290870667,
        0.8050000071525574,
        0.8270000219345093,
        0.8510000109672546,
        0.8600000143051147,
        0.8629999756813049,
        0.8700000047683716,
        0.878000020980835
    ],
    "training_time_ms": 10351.10000000149,
    "inference_time_ms": 0.5,
    "loss": 0.43019118905067444,
    "accuracy": 0.878000020980835
}