{
    "loss_values": [
        1.2898964881896973,
        0.4736645221710205,
        0.36724305152893066,
        0.3249551057815552,
        0.29865410923957825,
        0.2793266177177429,
        0.2639763355255127,
        0.2508977949619293,
        0.23887521028518677,
        0.2285059541463852
    ],
    "accuracy_values": [
        0.62090003490448,
        0.8712666630744934,
        0.8978333473205566,
        0.9093000292778015,
        0.9153000116348267,
        0.9208999872207642,
        0.9258999824523926,
        0.9297333359718323,
        0.9327333569526672,
        0.9359999895095825
    ],
    "val_loss_values": [
        0.6946919560432434,
        0.4843246638774872,
        0.4123748540878296,
        0.37992337346076965,
        0.3563828468322754,
        0.3410077691078186,
        0.32764801383018494,
        0.31741878390312195,
        0.3113512694835663,
        0.2982799708843231
    ],
    "val_accuracy_values": [
        0.8098000288009644,
        0.8600000143051147,
        0.8822000026702881,
        0.8888000249862671,
        0.8980000019073486,
        0.9007999897003174,
        0.9049999713897705,
        0.909600019454956,
        0.9071999788284302,
        0.9133999943733215
    ],
    "training_time_ms": 51885.20000000298,
    "inference_time_ms": 0.6000000014901161,
    "loss": 0.2982799708843231,
    "accuracy": 0.9133999943733215
}