{
    "loss_values": [
        0.8089216947555542,
        0.33314457535743713,
        0.27871084213256836,
        0.2444334477186203,
        0.22030304372310638,
        0.20066450536251068,
        0.18554487824440002,
        0.17343774437904358,
        0.16290971636772156,
        0.15473242104053497
    ],
    "accuracy_values": [
        0.7764166593551636,
        0.9047666788101196,
        0.9191333651542664,
        0.9289166927337646,
        0.9361667037010193,
        0.9422833323478699,
        0.9470999836921692,
        0.9510000348091125,
        0.9530166983604431,
        0.9557499885559082
    ],
    "val_loss_values": [
        0.3618713915348053,
        0.27930760383605957,
        0.249921515583992,
        0.22664013504981995,
        0.20397405326366425,
        0.19241781532764435,
        0.18204399943351746,
        0.17440597712993622,
        0.1633463054895401,
        0.1548229157924652
    ],
    "val_accuracy_values": [
        0.9003999829292297,
        0.9199000000953674,
        0.9280999898910522,
        0.9348000288009644,
        0.9394999742507935,
        0.9451000094413757,
        0.9477999806404114,
        0.9488999843597412,
        0.9521999955177307,
        0.9542999863624573
    ],
    "training_time_ms": 106890.89999999851,
    "inference_time_ms": 1.6000000014901161,
    "loss": 0.1548229157924652,
    "accuracy": 0.9542999863624573
}