{
    "loss_values": [
        1.2010103464126587,
        0.44866710901260376,
        0.35367584228515625,
        0.31371253728866577,
        0.2882724404335022,
        0.267660915851593,
        0.2500869035720825,
        0.23558247089385986,
        0.22135396301746368,
        0.20952418446540833
    ],
    "accuracy_values": [
        0.6717000007629395,
        0.8743333220481873,
        0.9003333449363708,
        0.9104000329971313,
        0.916866660118103,
        0.9238666892051697,
        0.9288666844367981,
        0.9328333139419556,
        0.9376000165939331,
        0.9402999877929688
    ],
    "val_loss_values": [
        0.6411067843437195,
        0.4639846980571747,
        0.4037674367427826,
        0.37626633048057556,
        0.3478029668331146,
        0.32973435521125793,
        0.3120535612106323,
        0.2960873246192932,
        0.2794533669948578,
        0.27384036779403687
    ],
    "val_accuracy_values": [
        0.8156000375747681,
        0.8632000684738159,
        0.8788000345230103,
        0.8890000581741333,
        0.9012000560760498,
        0.9038000702857971,
        0.9088000655174255,
        0.9134000539779663,
        0.9182000160217285,
        0.9198000431060791
    ],
    "training_time_ms": 21943.10000000149,
    "inference_time_ms": 7.799999997019768,
    "loss": 0.27384036779403687,
    "accuracy": 0.9198000431060791
}