{
    "loss_values": [
        2.070888042449951,
        1.444122076034546,
        0.8806256651878357,
        0.6291335225105286,
        0.5120704174041748,
        0.4457307457923889,
        0.40299710631370544,
        0.3751749098300934,
        0.3532482981681824,
        0.3335072696208954
    ],
    "accuracy_values": [
        0.3493333160877228,
        0.6644999980926514,
        0.8011666536331177,
        0.8499999642372131,
        0.871666669845581,
        0.8834999799728394,
        0.8921666741371155,
        0.8991666436195374,
        0.9041666388511658,
        0.9099999666213989
    ],
    "val_loss_values": [
        1.8503841161727905,
        1.2079646587371826,
        0.8149338364601135,
        0.6453049182891846,
        0.5622939467430115,
        0.5031355023384094,
        0.47905343770980835,
        0.4531336724758148,
        0.42884373664855957,
        0.4155486822128296
    ],
    "val_accuracy_values": [
        0.5320000052452087,
        0.7270000576972961,
        0.8010000586509705,
        0.8250000476837158,
        0.843000054359436,
        0.8630000352859497,
        0.8660000562667847,
        0.8710000514984131,
        0.8760000467300415,
        0.8730000257492065
    ],
    "training_time_ms": 4592.10000000149,
    "inference_time_ms": 6.799999997019768,
    "loss": 0.4155486822128296,
    "accuracy": 0.8730000257492065
}