{
    "loss_values": [
        0.8776810765266418,
        0.3275549113750458,
        0.26969239115715027,
        0.23762980103492737,
        0.2145111858844757,
        0.19691525399684906,
        0.18235579133033752,
        0.17077524960041046,
        0.16041813790798187,
        0.15158429741859436
    ],
    "accuracy_values": [
        0.7551500201225281,
        0.9056500196456909,
        0.9221000075340271,
        0.9309999942779541,
        0.9381999969482422,
        0.9423333406448364,
        0.9467499852180481,
        0.9502166509628296,
        0.9534167051315308,
        0.9561333656311035
    ],
    "val_loss_values": [
        0.3583325147628784,
        0.27736184000968933,
        0.2444917857646942,
        0.21712185442447662,
        0.2007235735654831,
        0.18474720418453217,
        0.1749139428138733,
        0.1661706268787384,
        0.15744145214557648,
        0.15435285866260529
    ],
    "val_accuracy_values": [
        0.894800066947937,
        0.9202000498771667,
        0.9275000691413879,
        0.9366000294685364,
        0.940000057220459,
        0.9444000720977783,
        0.9479000568389893,
        0.9503000378608704,
        0.9536000490188599,
        0.9534000158309937
    ],
    "training_time_ms": 45097.09999999404,
    "inference_time_ms": 89.30000000447035,
    "loss": 0.15435285866260529,
    "accuracy": 0.9534000158309937
}