{
    "loss_values": [
        1.2359914779663086,
        0.42834752798080444,
        0.34242939949035645,
        0.3039382994174957,
        0.27750399708747864,
        0.25802093744277954,
        0.24219264090061188,
        0.22857129573822021,
        0.21564340591430664,
        0.20478691160678864
    ],
    "accuracy_values": [
        0.6588333249092102,
        0.8823000192642212,
        0.9043000340461731,
        0.9143333435058594,
        0.9212333559989929,
        0.9261333346366882,
        0.9302999973297119,
        0.9348333477973938,
        0.9384000301361084,
        0.9398666620254517
    ],
    "val_loss_values": [
        0.6171348690986633,
        0.44260144233703613,
        0.39150625467300415,
        0.36277449131011963,
        0.33991336822509766,
        0.32045987248420715,
        0.30623137950897217,
        0.2957826554775238,
        0.27962160110473633,
        0.2717739939689636
    ],
    "val_accuracy_values": [
        0.8338000178337097,
        0.8764000535011292,
        0.89000004529953,
        0.896600067615509,
        0.9036000370979309,
        0.9086000323295593,
        0.909600019454956,
        0.913800060749054,
        0.9164000153541565,
        0.9206000566482544
    ],
    "training_time_ms": 21732.90000000596,
    "inference_time_ms": 6.699999995529652,
    "loss": 0.2717739939689636,
    "accuracy": 0.9206000566482544
}