{
    "loss_values": [
        0.8645351529121399,
        0.3609938323497772,
        0.3070628046989441,
        0.27577492594718933,
        0.25135111808776855,
        0.22937308251857758,
        0.21092155575752258,
        0.19509437680244446,
        0.18208721280097961,
        0.17027316987514496
    ],
    "accuracy_values": [
        0.7543833255767822,
        0.89451664686203,
        0.9096666574478149,
        0.92003333568573,
        0.9269000291824341,
        0.934066653251648,
        0.9388999938964844,
        0.9434666633605957,
        0.9478166699409485,
        0.9509666562080383
    ],
    "val_loss_values": [
        0.3927655816078186,
        0.32256650924682617,
        0.28300678730010986,
        0.2597278356552124,
        0.25061193108558655,
        0.22636380791664124,
        0.2046452760696411,
        0.19215282797813416,
        0.17893780767917633,
        0.17012614011764526
    ],
    "val_accuracy_values": [
        0.8862000703811646,
        0.9065000414848328,
        0.915600061416626,
        0.9248000383377075,
        0.9251000285148621,
        0.9317000508308411,
        0.9398000240325928,
        0.9427000284194946,
        0.9467000365257263,
        0.9485000371932983
    ],
    "training_time_ms": 44868.5,
    "inference_time_ms": 58.20000000298023,
    "loss": 0.17012614011764526,
    "accuracy": 0.9485000371932983
}