{
    "loss_values": [
        2.098985433578491,
        1.422264814376831,
        0.9054132103919983,
        0.6663748025894165,
        0.5451972484588623,
        0.47302889823913574,
        0.4252179265022278,
        0.3905479311943054,
        0.3644965887069702,
        0.3451836407184601
    ],
    "accuracy_values": [
        0.3154999911785126,
        0.6545000076293945,
        0.7818333506584167,
        0.8331666588783264,
        0.8610000014305115,
        0.8766666650772095,
        0.8865000009536743,
        0.8963333368301392,
        0.9023333191871643,
        0.90666663646698
    ],
    "val_loss_values": [
        1.8480876684188843,
        1.1989375352859497,
        0.857055127620697,
        0.6907625794410706,
        0.6011474132537842,
        0.5380470156669617,
        0.49542415142059326,
        0.4591967463493347,
        0.450347363948822,
        0.42436760663986206
    ],
    "val_accuracy_values": [
        0.5090000033378601,
        0.6930000185966492,
        0.7720000147819519,
        0.8060000538825989,
        0.8230000138282776,
        0.8390000462532043,
        0.8520000576972961,
        0.8720000386238098,
        0.862000048160553,
        0.8800000548362732
    ],
    "training_time_ms": 4813.89999999851,
    "inference_time_ms": 6.799999997019768,
    "loss": 0.42436760663986206,
    "accuracy": 0.8800000548362732
}