{
    "loss_values": [
        16.13061723593367,
        13.857215699472166,
        11.034722544657654,
        8.509997827443406,
        6.564982123929723,
        5.298597199631922,
        4.354088911726871,
        3.623760824425103,
        3.0714718585368246,
        2.611650470401927
    ],
    "accuracy_values": [
        0.20285714285714285,
        0.52,
        0.6857142857142857,
        0.7942857142857143,
        0.8571428571428571,
        0.8885714285714286,
        0.9171428571428571,
        0.9371428571428572,
        0.9542857142857143,
        0.9714285714285714
    ],
    "val_loss_values": [
        15.439745279022173,
        13.393419087905118,
        11.50420114106326,
        9.787528250562637,
        8.667523481131088,
        7.785217216379905,
        7.16966921247687,
        6.706191439016173,
        6.339682700071321,
        6.063185082737581
    ],
    "val_accuracy_values": [
        0.35209407170239343,
        0.4826343522520065,
        0.5989317865295984,
        0.6718833005499002,
        0.7021780642938161,
        0.7290269781332108,
        0.7457680655860098,
        0.7582018406581573,
        0.7670461887464285,
        0.7734640841935994
    ],
    "training_time_ms": 59137.90000000596,
    "inference_time_ms": 5806.20000000298,
    "loss": 6.063185082737581,
    "accuracy": 0.7734640841935994
}