{
    "loss_values": [
        14.511079969191046,
        9.482091441167244,
        6.461578352478283,
        4.9553410238228,
        4.004751889314122,
        3.3297839271798524,
        2.8135114976922018,
        2.421940865454337,
        2.0917519649784007,
        1.8136671819187418
    ],
    "accuracy_values": [
        0.4142857142857143,
        0.7142857142857143,
        0.8285714285714286,
        0.8714285714285714,
        0.9071428571428571,
        0.9242857142857143,
        0.94,
        0.9557142857142857,
        0.9685714285714285,
        0.9728571428571429
    ],
    "val_loss_values": [
        12.388054220218779,
        9.00630207754697,
        7.236253809562204,
        6.2636601522819735,
        5.653179570529564,
        5.202228207831822,
        4.779875643050701,
        4.5586055274466615,
        4.326406434111954,
        4.117366056145256
    ],
    "val_accuracy_values": [
        0.5567901412718799,
        0.6777154071487324,
        0.7417134446384508,
        0.7773560946045397,
        0.7978903014473513,
        0.8104878858280783,
        0.822984458650197,
        0.827414537006306,
        0.8330856145110319,
        0.8386556804571494
    ],
    "training_time_ms": 59124.59999999404,
    "inference_time_ms": 5780.9000000059605,
    "loss": 4.117366056145256,
    "accuracy": 0.8386556804571494
}