{
    "loss_values": [
        16.504305901945465,
        15.378787841401468,
        14.280572838398927,
        12.995166092862394,
        11.664711104700956,
        10.50503152151382,
        9.426057460949167,
        8.434149448741977,
        7.584557404381585,
        6.7827848767194645
    ],
    "accuracy_values": [
        0.12857142857142856,
        0.3,
        0.37142857142857144,
        0.5428571428571428,
        0.6142857142857143,
        0.7142857142857143,
        0.7857142857142857,
        0.8,
        0.8571428571428571,
        0.9
    ],
    "val_loss_values": [
        15.838068457423109,
        15.261005662541534,
        14.371662552193163,
        13.678287450938868,
        13.058803777744606,
        12.539248520757607,
        12.077185189595825,
        11.66553149396204,
        11.302080729637147,
        10.97637716187568
    ],
    "val_accuracy_values": [
        0.20519383946574382,
        0.21447468146262638,
        0.3137181998884583,
        0.377482875487995,
        0.43333953009481047,
        0.4764260893191666,
        0.4990776358878291,
        0.5203277610147435,
        0.5388751447897153,
        0.5543479815241174
    ],
    "training_time_ms": 57305.90000000596,
    "inference_time_ms": 5675,
    "loss": 10.97637716187568,
    "accuracy": 0.5543479815241174
}