{
    "loss_values": [
        15.894502980921843,
        12.669252509827366,
        9.077362169734938,
        6.771739775040283,
        5.391810041300775,
        4.436106571022397,
        3.6892320715339375,
        3.0806121595272393,
        2.586308431363694,
        2.190376953518287
    ],
    "accuracy_values": [
        0.29428571428571426,
        0.6142857142857143,
        0.7828571428571428,
        0.8485714285714285,
        0.88,
        0.9085714285714286,
        0.94,
        0.9514285714285714,
        0.9714285714285714,
        0.9828571428571429
    ],
    "val_loss_values": [
        14.782577756911827,
        11.699398982554905,
        9.833621240919232,
        8.668591138568267,
        7.943445322081887,
        7.404507869668988,
        6.780699436881722,
        6.307628763083844,
        6.005383097375897,
        5.774969723404971
    ],
    "val_accuracy_values": [
        0.47884391735703313,
        0.6308920443940329,
        0.6454794756565062,
        0.6749702077560338,
        0.6961191115450329,
        0.7112234202931844,
        0.7369524329136097,
        0.7547990638774426,
        0.764332581946618,
        0.7701330959525622
    ],
    "training_time_ms": 58064.20000000298,
    "inference_time_ms": 5667.5,
    "loss": 5.774969723404971,
    "accuracy": 0.7701330959525622
}