{
    "loss_values": [
        16.135786759705166,
        14.899093312197023,
        13.183207050380547,
        11.542964167675521,
        10.218703106368377,
        8.920406430103203,
        7.963571731329425,
        7.167259656027151,
        6.4063901989941865,
        5.74869479880784
    ],
    "accuracy_values": [
        0.2714285714285714,
        0.3142857142857143,
        0.5857142857142857,
        0.7,
        0.7285714285714285,
        0.7714285714285715,
        0.8285714285714286,
        0.8571428571428571,
        0.8857142857142857,
        0.9
    ],
    "val_loss_values": [
        15.694817600306077,
        14.990457668650105,
        14.138315877673842,
        13.412156507634872,
        12.653896510092752,
        12.098912082701819,
        11.663490659109533,
        11.293783444554927,
        10.954594161114489,
        10.693770861241832
    ],
    "val_accuracy_values": [
        0.14365999799796936,
        0.27713824021507527,
        0.36339715997654765,
        0.3900956684637275,
        0.45866521757782897,
        0.48327589412118005,
        0.5068855553489968,
        0.529150996010239,
        0.5410773784838908,
        0.5517310414849347
    ],
    "training_time_ms": 57261,
    "inference_time_ms": 5705.10000000149,
    "loss": 10.693770861241832,
    "accuracy": 0.5517310414849347
}