{
    "loss_values": [
        15.36206163076165,
        10.466758623408944,
        7.055987305167767,
        5.125080786242745,
        3.984920872100269,
        3.239501090286969,
        2.7173458309114724,
        2.3082404146531363,
        1.9934663349108308,
        1.7168311521318862
    ],
    "accuracy_values": [
        0.33,
        0.67,
        0.8085714285714286,
        0.8757142857142857,
        0.9028571428571428,
        0.9328571428571428,
        0.95,
        0.9585714285714285,
        0.9671428571428572,
        0.9742857142857143
    ],
    "val_loss_values": [
        13.0687821778465,
        9.455635984645905,
        7.514626967798403,
        6.223788001720667,
        5.39582699196059,
        4.974880542276831,
        4.638756818112962,
        4.378413379419346,
        4.1662574364619065,
        4.012915470424137
    ],
    "val_accuracy_values": [
        0.552028167794629,
        0.6751901181835236,
        0.7295199064921571,
        0.7827962885467322,
        0.8151344175240623,
        0.8261302471897142,
        0.8338792767572404,
        0.8375156928671409,
        0.8423065267897084,
        0.8438649908368087
    ],
    "training_time_ms": 59144.09999999404,
    "inference_time_ms": 5820.399999991059,
    "loss": 4.012915470424137,
    "accuracy": 0.8438649908368087
}