{
    "loss_values": [
        0.8924408555030823,
        0.3575347661972046,
        0.3010525703430176,
        0.2690582871437073,
        0.24659115076065063,
        0.22681935131549835,
        0.21093200147151947,
        0.1968289017677307,
        0.1843373030424118,
        0.17349815368652344
    ],
    "accuracy_values": [
        0.7467166781425476,
        0.8974666595458984,
        0.9133000373840332,
        0.923133373260498,
        0.9301166534423828,
        0.9348833560943604,
        0.9403666853904724,
        0.9437500238418579,
        0.9474666714668274,
        0.9505666494369507
    ],
    "val_loss_values": [
        0.39144155383110046,
        0.3052584230899811,
        0.2713831961154938,
        0.2502973973751068,
        0.2341698557138443,
        0.22032758593559265,
        0.20438073575496674,
        0.19357836246490479,
        0.1784793883562088,
        0.1767464429140091
    ],
    "val_accuracy_values": [
        0.8881000280380249,
        0.9140999913215637,
        0.9212999939918518,
        0.9264000058174133,
        0.9319999814033508,
        0.9373999834060669,
        0.9401999711990356,
        0.9445000290870667,
        0.9487000107765198,
        0.949400007724762
    ],
    "training_time_ms": 107072.39999999851,
    "inference_time_ms": 21.599999994039536,
    "loss": 0.1767464429140091,
    "accuracy": 0.949400007724762
}