{
    "loss_values": [
        2.0276761054992676,
        1.2996560335159302,
        0.856278121471405,
        0.6567220687866211,
        0.5508111715316772,
        0.48192456364631653,
        0.4354320168495178,
        0.39888688921928406,
        0.3706364035606384,
        0.3475414514541626
    ],
    "accuracy_values": [
        0.43816664814949036,
        0.6711666584014893,
        0.7773333191871643,
        0.8244999647140503,
        0.8538333177566528,
        0.8723333477973938,
        0.8863333463668823,
        0.8945000171661377,
        0.9013333320617676,
        0.9068333506584167
    ],
    "val_loss_values": [
        1.7172746658325195,
        1.09110426902771,
        0.8165128827095032,
        0.6814218759536743,
        0.5978372693061829,
        0.5518004894256592,
        0.5040209889411926,
        0.4870954751968384,
        0.44956135749816895,
        0.44405147433280945
    ],
    "val_accuracy_values": [
        0.6200000047683716,
        0.7289999723434448,
        0.7670000195503235,
        0.8090000152587891,
        0.8220000267028809,
        0.8379999995231628,
        0.8479999899864197,
        0.8450000286102295,
        0.8619999885559082,
        0.8619999885559082
    ],
    "training_time_ms": 10407.70000000298,
    "inference_time_ms": 0.6000000014901161,
    "loss": 0.44405147433280945,
    "accuracy": 0.8619999885559082
}