{
    "loss_values": [
        1.2212448120117188,
        0.4457276165485382,
        0.36383968591690063,
        0.3275586664676666,
        0.3042852580547333,
        0.28601884841918945,
        0.27041900157928467,
        0.25705596804618835,
        0.24380208551883698,
        0.231979638338089
    ],
    "accuracy_values": [
        0.6624000072479248,
        0.8756666779518127,
        0.896233320236206,
        0.9072666764259338,
        0.913266658782959,
        0.9183666706085205,
        0.9232000112533569,
        0.9261333346366882,
        0.9312333464622498,
        0.9333666563034058
    ],
    "val_loss_values": [
        0.6246306300163269,
        0.4688579738140106,
        0.41176801919937134,
        0.40533915162086487,
        0.36412596702575684,
        0.365217000246048,
        0.34188544750213623,
        0.3248958885669708,
        0.3097875714302063,
        0.3015592396259308
    ],
    "val_accuracy_values": [
        0.8245999813079834,
        0.8583999872207642,
        0.875,
        0.879800021648407,
        0.8916000127792358,
        0.8888000249862671,
        0.899399995803833,
        0.9038000106811523,
        0.9103999733924866,
        0.9120000004768372
    ],
    "training_time_ms": 51629.19999999553,
    "inference_time_ms": 0.6000000014901161,
    "loss": 0.3015592396259308,
    "accuracy": 0.9120000004768372
}