{
    "loss_values": [
        15.867367468525257,
        12.998815150012984,
        9.931056797153081,
        7.581759239434376,
        5.812509184221353,
        4.624556330288947,
        3.7736144728724406,
        3.155995934405713,
        2.640992337070281,
        2.23915762077979
    ],
    "accuracy_values": [
        0.3142857142857143,
        0.5685714285714286,
        0.7371428571428571,
        0.8057142857142857,
        0.8714285714285714,
        0.9085714285714286,
        0.9371428571428572,
        0.9571428571428572,
        0.9685714285714285,
        0.9828571428571429
    ],
    "val_loss_values": [
        14.976915356265131,
        12.308444879226274,
        10.187495164026718,
        8.784993442060987,
        7.843502477007511,
        7.219836911290116,
        6.776399630519055,
        6.407807694805249,
        6.115606196200184,
        5.8941306825565585
    ],
    "val_accuracy_values": [
        0.41351634625048456,
        0.5704891671093627,
        0.6911082714755417,
        0.715559448089707,
        0.732185673879022,
        0.7422647848497466,
        0.7503051012936295,
        0.7593504572929978,
        0.7651509712989418,
        0.7692285603526253
    ],
    "training_time_ms": 57920.09999999404,
    "inference_time_ms": 5658.70000000298,
    "loss": 5.8941306825565585,
    "accuracy": 0.7692285603526253
}