{
    "loss_values": [
        15.248205988166431,
        10.353898434611223,
        6.868170856020543,
        5.016578998186114,
        4.049393754742074,
        3.366667911321416,
        2.852294365236728,
        2.462103714011172,
        2.1161616075850156,
        1.8384689131797827
    ],
    "accuracy_values": [
        0.3414285714285714,
        0.6842857142857143,
        0.8,
        0.8571428571428571,
        0.8957142857142857,
        0.92,
        0.9357142857142857,
        0.9471428571428572,
        0.96,
        0.9742857142857143
    ],
    "val_loss_values": [
        13.430801694786112,
        10.80376867499121,
        7.480698301578512,
        6.223837238008633,
        5.469221601896564,
        4.901500284115082,
        4.530719719712058,
        4.245067521377875,
        4.075069760005086,
        3.9861002712084095
    ],
    "val_accuracy_values": [
        0.5131964386210479,
        0.50520209526833,
        0.7162152412011717,
        0.7711510988614554,
        0.7984963707990014,
        0.8234895164432388,
        0.8361881123825741,
        0.844528781079092,
        0.8474003953881009,
        0.8465201518059423
    ],
    "training_time_ms": 59223.40000000596,
    "inference_time_ms": 5705.9000000059605,
    "loss": 3.9861002712084095,
    "accuracy": 0.8465201518059423
}