{
    "loss_values": [
        16.39270211644798,
        15.668766305240359,
        14.61146635101615,
        13.475580704677286,
        12.059306265350214,
        11.03277822682876,
        9.608936861760842,
        8.383951632383255,
        7.510682675116306,
        6.7613889742817985
    ],
    "accuracy_values": [
        0.12857142857142856,
        0.3142857142857143,
        0.4,
        0.5,
        0.6,
        0.6428571428571429,
        0.7857142857142857,
        0.8428571428571429,
        0.8428571428571429,
        0.8714285714285714
    ],
    "val_loss_values": [
        16.06724441009817,
        15.35451033333312,
        14.648060599022083,
        13.878890553155282,
        13.274248111692202,
        12.775658835139062,
        12.170948374784466,
        11.675747583146489,
        11.280384049261551,
        10.989134512261844
    ],
    "val_accuracy_values": [
        0.18726136509888602,
        0.2659840695562642,
        0.3097856397202877,
        0.3583777831800827,
        0.4028085629710135,
        0.4549328604727652,
        0.49943514135766276,
        0.5312245277352744,
        0.5467545653448498,
        0.5595675613836891
    ],
    "training_time_ms": 57414.89999999851,
    "inference_time_ms": 5697.69999999553,
    "loss": 10.989134512261844,
    "accuracy": 0.5595675613836891
}