{
    "loss_values": [
        1.354506254196167,
        0.5049299001693726,
        0.3777938783168793,
        0.32970091700553894,
        0.30068960785865784,
        0.27937838435173035,
        0.2626708447933197,
        0.24872776865959167,
        0.2361798733472824,
        0.2243950217962265
    ],
    "accuracy_values": [
        0.5848000049591064,
        0.8625666499137878,
        0.8937000036239624,
        0.906499981880188,
        0.9153666496276855,
        0.92166668176651,
        0.9258666634559631,
        0.928933322429657,
        0.9326333403587341,
        0.9357333183288574
    ],
    "val_loss_values": [
        0.7525644898414612,
        0.5069551467895508,
        0.42466992139816284,
        0.38148218393325806,
        0.3574158251285553,
        0.3370400071144104,
        0.32684412598609924,
        0.3130778670310974,
        0.30314764380455017,
        0.2907255291938782
    ],
    "val_accuracy_values": [
        0.7856000065803528,
        0.857200026512146,
        0.8805999755859375,
        0.8898000121116638,
        0.8985999822616577,
        0.9035999774932861,
        0.9082000255584717,
        0.9110000133514404,
        0.9128000140190125,
        0.9160000085830688
    ],
    "training_time_ms": 95357.89999999851,
    "inference_time_ms": 0.19999999552965164,
    "loss": 0.2907255291938782,
    "accuracy": 0.9160000085830688
}