{
    "loss_values": [
        0.7746792435646057,
        0.33942365646362305,
        0.29098501801490784,
        0.26007193326950073,
        0.23512780666351318,
        0.21383629739284515,
        0.1966562420129776,
        0.18150758743286133,
        0.16808387637138367,
        0.15722300112247467
    ],
    "accuracy_values": [
        0.7913833260536194,
        0.9025000333786011,
        0.9166499972343445,
        0.9255000352859497,
        0.9330166578292847,
        0.9386833310127258,
        0.9439833164215088,
        0.9478166699409485,
        0.9519333243370056,
        0.955133318901062
    ],
    "val_loss_values": [
        0.3596917986869812,
        0.29452240467071533,
        0.26977938413619995,
        0.24009984731674194,
        0.2214924842119217,
        0.20900817215442657,
        0.18823789060115814,
        0.1773260235786438,
        0.17004768550395966,
        0.16251449286937714
    ],
    "val_accuracy_values": [
        0.8955000042915344,
        0.9139999747276306,
        0.9228000044822693,
        0.9315999746322632,
        0.9362000226974487,
        0.9387000203132629,
        0.9431999921798706,
        0.9473000168800354,
        0.9502999782562256,
        0.9520999789237976
    ],
    "training_time_ms": 192144.6000000015,
    "inference_time_ms": 0.29999999701976776,
    "loss": 0.16251449286937714,
    "accuracy": 0.9520999789237976
}