{
    "loss_values": [
        2.1021945476531982,
        1.5357826948165894,
        0.9605773091316223,
        0.6997471451759338,
        0.5772793889045715,
        0.506231963634491,
        0.45663419365882874,
        0.42231038212776184,
        0.39644452929496765,
        0.3739205598831177
    ],
    "accuracy_values": [
        0.26249998807907104,
        0.6401666402816772,
        0.7771666646003723,
        0.8230000138282776,
        0.847000002861023,
        0.862666666507721,
        0.8761666417121887,
        0.8831666707992554,
        0.890999972820282,
        0.8976666331291199
    ],
    "val_loss_values": [
        1.9292906522750854,
        1.2752318382263184,
        0.8750466108322144,
        0.7003766298294067,
        0.6175341010093689,
        0.5532468557357788,
        0.5221239328384399,
        0.4895465672016144,
        0.4692368507385254,
        0.45173949003219604
    ],
    "val_accuracy_values": [
        0.41600000858306885,
        0.6890000104904175,
        0.7749999761581421,
        0.8100000023841858,
        0.8259999752044678,
        0.847000002861023,
        0.8519999980926514,
        0.8600000143051147,
        0.8610000014305115,
        0.8740000128746033
    ],
    "training_time_ms": 16060.39999999851,
    "inference_time_ms": 0.6000000014901161,
    "loss": 0.45173949003219604,
    "accuracy": 0.8740000128746033
}