{
    "loss_values": [
        1.1537535190582275,
        0.43384554982185364,
        0.3520054519176483,
        0.312490850687027,
        0.2853417992591858,
        0.2631377577781677,
        0.24448257684707642,
        0.22979451715946198,
        0.21614564955234528,
        0.20467248558998108
    ],
    "accuracy_values": [
        0.6765000224113464,
        0.8813999891281128,
        0.8996999859809875,
        0.9104999899864197,
        0.9187000393867493,
        0.9244333505630493,
        0.930400013923645,
        0.9340000152587891,
        0.9381000399589539,
        0.940833330154419
    ],
    "val_loss_values": [
        0.6142417788505554,
        0.4632643163204193,
        0.40622493624687195,
        0.3671375811100006,
        0.3554038107395172,
        0.32500696182250977,
        0.305298388004303,
        0.2895480990409851,
        0.2771971523761749,
        0.26888272166252136
    ],
    "val_accuracy_values": [
        0.8296000361442566,
        0.8634000420570374,
        0.8802000284194946,
        0.8960000276565552,
        0.8964000344276428,
        0.9116000533103943,
        0.9134000539779663,
        0.9194000363349915,
        0.9220000505447388,
        0.9206000566482544
    ],
    "training_time_ms": 21905.39999999851,
    "inference_time_ms": 6.899999998509884,
    "loss": 0.26888272166252136,
    "accuracy": 0.9206000566482544
}