{
    "loss_values": [
        0.9166994094848633,
        0.34471040964126587,
        0.287723571062088,
        0.25729265809059143,
        0.23424173891544342,
        0.2151544839143753,
        0.20012106001377106,
        0.18629111349582672,
        0.17444276809692383,
        0.163913294672966
    ],
    "accuracy_values": [
        0.7377166748046875,
        0.9028500318527222,
        0.9164666533470154,
        0.9251166582107544,
        0.9319666624069214,
        0.9377999901771545,
        0.942216694355011,
        0.9462000131607056,
        0.9487000107765198,
        0.9520833492279053
    ],
    "val_loss_values": [
        0.38695067167282104,
        0.3007844090461731,
        0.2651121914386749,
        0.2440967857837677,
        0.22906477749347687,
        0.21488040685653687,
        0.1973036229610443,
        0.18782703578472137,
        0.1800878345966339,
        0.1739480048418045
    ],
    "val_accuracy_values": [
        0.8958000540733337,
        0.9127000570297241,
        0.9231000542640686,
        0.9284000396728516,
        0.932900071144104,
        0.9369000196456909,
        0.9413000345230103,
        0.9456000328063965,
        0.9478000402450562,
        0.9494000673294067
    ],
    "training_time_ms": 42393.60000000149,
    "inference_time_ms": 92.40000000596046,
    "loss": 0.1739480048418045,
    "accuracy": 0.9494000673294067
}