{
    "loss_values": [
        2.1359074115753174,
        1.5873147249221802,
        1.0555875301361084,
        0.7397426962852478,
        0.5857001543045044,
        0.49674955010414124,
        0.43918782472610474,
        0.3989955484867096,
        0.3702099919319153,
        0.3473978638648987
    ],
    "accuracy_values": [
        0.3375000059604645,
        0.5625,
        0.7506666779518127,
        0.8134999871253967,
        0.846833348274231,
        0.8668333292007446,
        0.8840000033378601,
        0.8941666483879089,
        0.8991666436195374,
        0.9039999842643738
    ],
    "val_loss_values": [
        1.944471001625061,
        1.397783875465393,
        0.9722509384155273,
        0.7445999979972839,
        0.6242974400520325,
        0.5622277855873108,
        0.5152171850204468,
        0.4802611172199249,
        0.4508976936340332,
        0.4341917634010315
    ],
    "val_accuracy_values": [
        0.4410000145435333,
        0.6450000405311584,
        0.7420000433921814,
        0.7920000553131104,
        0.8270000219345093,
        0.8370000123977661,
        0.8460000157356262,
        0.8530000448226929,
        0.8600000143051147,
        0.8640000224113464
    ],
    "training_time_ms": 4523.5,
    "inference_time_ms": 6.600000001490116,
    "loss": 0.4341917634010315,
    "accuracy": 0.8640000224113464
}