{
    "loss_values": [
        15.878262540451523,
        12.516261397686131,
        8.917990242921237,
        6.638469492684727,
        5.254126197113058,
        4.234337149140065,
        3.457112223452858,
        2.8858485566430985,
        2.421787234059548,
        2.04988801822768
    ],
    "accuracy_values": [
        0.3,
        0.6314285714285715,
        0.7685714285714286,
        0.8371428571428572,
        0.8828571428571429,
        0.9314285714285714,
        0.9514285714285714,
        0.9657142857142857,
        0.98,
        0.98
    ],
    "val_loss_values": [
        15.111174624225173,
        12.087040465763273,
        9.86191092892832,
        8.582447986392076,
        7.59333207975259,
        6.887819464400838,
        6.433301225836212,
        6.087888376513492,
        5.867400145922241,
        5.709900427861073
    ],
    "val_accuracy_values": [
        0.4362302402044538,
        0.6222917773406653,
        0.6771238639463596,
        0.7013309595256213,
        0.7306493991299229,
        0.7505491823285331,
        0.7612313170325489,
        0.7688409022383667,
        0.772459044638114,
        0.773851742307858
    ],
    "training_time_ms": 57755.70000000298,
    "inference_time_ms": 5714.4000000059605,
    "loss": 5.709900427861073,
    "accuracy": 0.773851742307858
}