{
    "loss_values": [
        14.03282417827253,
        8.752093247684025,
        5.91139389667416,
        4.445234148921111,
        3.5533031877168364,
        2.945035664212254,
        2.4933867232201155,
        2.0998680960590543,
        1.7834569215730793,
        1.5192131125798383
    ],
    "accuracy_values": [
        0.4742857142857143,
        0.7342857142857143,
        0.8342857142857143,
        0.8871428571428571,
        0.91,
        0.9371428571428572,
        0.9542857142857143,
        0.9671428571428572,
        0.9757142857142858,
        0.9871428571428571
    ],
    "val_loss_values": [
        11.766916771927125,
        8.524439055734536,
        6.686897212413484,
        5.938563810997017,
        5.043048364486567,
        4.5559805107296105,
        4.335791235470865,
        4.233624336306472,
        4.140751060504949,
        4.090196145421968
    ],
    "val_accuracy_values": [
        0.593558348605319,
        0.6768928844572072,
        0.7428678624511176,
        0.7669374738452215,
        0.8114547107461868,
        0.8306757673270898,
        0.8354954616949739,
        0.8345430669995239,
        0.8340957300971154,
        0.83162816202254
    ],
    "training_time_ms": 59500.70000000298,
    "inference_time_ms": 5704.4000000059605,
    "loss": 4.090196145421968,
    "accuracy": 0.83162816202254
}