{
    "loss_values": [
        16.566320843032045,
        15.965654151441404,
        15.277679076796007,
        14.151385429322968,
        12.746722209342673,
        11.376385352197671,
        10.11977028817158,
        9.010135577523931,
        8.095732963732404,
        7.291748374433137
    ],
    "accuracy_values": [
        0.11428571428571428,
        0.17142857142857143,
        0.34285714285714286,
        0.5428571428571428,
        0.5714285714285714,
        0.6857142857142857,
        0.7714285714285715,
        0.8285714285714286,
        0.8714285714285714,
        0.9142857142857143
    ],
    "val_loss_values": [
        16.259786916216324,
        15.920946810212167,
        15.31145620209849,
        14.350893830236943,
        13.493240136117862,
        12.70779975194818,
        12.099273662533978,
        11.615405891181503,
        11.196281417602327,
        10.811765677005488
    ],
    "val_accuracy_values": [
        0.1554290780648944,
        0.24183100001430022,
        0.3465229018003975,
        0.3706044702483948,
        0.4606243475525176,
        0.5125627422099558,
        0.5551487937765448,
        0.5736961775515166,
        0.5839637346451401,
        0.5912139455733673
    ],
    "training_time_ms": 57218.39999999851,
    "inference_time_ms": 5663.80000000447,
    "loss": 10.811765677005488,
    "accuracy": 0.5912139455733673
}