{
    "loss_values": [
        0.7059432864189148,
        0.31754788756370544,
        0.2697683870792389,
        0.24181631207466125,
        0.22162161767482758,
        0.2061227411031723,
        0.19281166791915894,
        0.18131545186042786,
        0.1708585023880005,
        0.1611642688512802
    ],
    "accuracy_values": [
        0.8049833178520203,
        0.908383309841156,
        0.9225333333015442,
        0.9308500289916992,
        0.9362499713897705,
        0.9396666884422302,
        0.9437666535377502,
        0.9476833343505859,
        0.9500166773796082,
        0.9528833627700806
    ],
    "val_loss_values": [
        0.3413524627685547,
        0.2751512825489044,
        0.24462807178497314,
        0.22195985913276672,
        0.2089514583349228,
        0.19731269776821136,
        0.1856408566236496,
        0.17431047558784485,
        0.1660449504852295,
        0.16143353283405304
    ],
    "val_accuracy_values": [
        0.9018999934196472,
        0.9186000227928162,
        0.9262999892234802,
        0.9373999834060669,
        0.9394000172615051,
        0.9412999749183655,
        0.9462000131607056,
        0.949999988079071,
        0.9508000016212463,
        0.9516000151634216
    ],
    "training_time_ms": 52682.63053894043,
    "inference_time_ms": 293.9486503601074,
    "loss": 0.16143353283405304,
    "accuracy": 0.9516000151634216
}