{
    "loss_values": [
        2.037825584411621,
        1.2604389190673828,
        0.7465933561325073,
        0.5526774525642395,
        0.4633754789829254,
        0.41380414366722107,
        0.3776404559612274,
        0.35271379351615906,
        0.3328920304775238,
        0.31689852476119995
    ],
    "accuracy_values": [
        0.3721666634082794,
        0.7233333587646484,
        0.8230000138282776,
        0.8600000143051147,
        0.8791666626930237,
        0.8891666531562805,
        0.8995000123977661,
        0.9048333168029785,
        0.9085000157356262,
        0.9118333458900452
    ],
    "val_loss_values": [
        1.7331072092056274,
        1.0355873107910156,
        0.7349289059638977,
        0.6046169400215149,
        0.5435121059417725,
        0.4924773871898651,
        0.46386831998825073,
        0.446893572807312,
        0.4292670488357544,
        0.42003390192985535
    ],
    "val_accuracy_values": [
        0.5680000185966492,
        0.7599999904632568,
        0.8119999766349792,
        0.8460000157356262,
        0.8460000157356262,
        0.8600000143051147,
        0.8659999966621399,
        0.8700000047683716,
        0.8709999918937683,
        0.8769999742507935
    ],
    "training_time_ms": 7183.186054229736,
    "inference_time_ms": 254.03547286987305,
    "loss": 0.42003390192985535,
    "accuracy": 0.8769999742507935
}