{
    "loss_values": [
        1.010314702987671,
        0.4136812090873718,
        0.3433396816253662,
        0.307659387588501,
        0.2827732563018799,
        0.2618057131767273,
        0.24486950039863586,
        0.22990652918815613,
        0.2185007780790329,
        0.2071598619222641
    ],
    "accuracy_values": [
        0.7391999959945679,
        0.885699987411499,
        0.9035999774932861,
        0.9140999913215637,
        0.9205333590507507,
        0.9244666695594788,
        0.9302666783332825,
        0.9341999888420105,
        0.9374666810035706,
        0.9402999877929688
    ],
    "val_loss_values": [
        0.5638837814331055,
        0.4354204535484314,
        0.39290574193000793,
        0.3703908324241638,
        0.3396184742450714,
        0.3207714855670929,
        0.30485233664512634,
        0.29197245836257935,
        0.2828611135482788,
        0.2715977728366852
    ],
    "val_accuracy_values": [
        0.8410000205039978,
        0.8736000061035156,
        0.8858000040054321,
        0.8916000127792358,
        0.9014000296592712,
        0.9070000052452087,
        0.9097999930381775,
        0.9151999950408936,
        0.9147999882698059,
        0.9205999970436096
    ],
    "training_time_ms": 27565.382957458496,
    "inference_time_ms": 253.95965576171875,
    "loss": 0.2715977728366852,
    "accuracy": 0.9205999970436096
}