{
    "loss_values": [
        2.090078353881836,
        1.5034170150756836,
        0.931602954864502,
        0.6274727582931519,
        0.4972292482852936,
        0.4296000897884369,
        0.38912320137023926,
        0.3609149158000946,
        0.3398430645465851,
        0.32262763381004333
    ],
    "accuracy_values": [
        0.2680000066757202,
        0.5903333425521851,
        0.7961666584014893,
        0.8506666421890259,
        0.8771666884422302,
        0.8883333206176758,
        0.8958333134651184,
        0.9035000205039978,
        0.9068333506584167,
        0.9121666550636292
    ],
    "val_loss_values": [
        1.886311411857605,
        1.3053016662597656,
        0.8481918573379517,
        0.6488555669784546,
        0.5567227005958557,
        0.5042201280593872,
        0.4688691198825836,
        0.44623515009880066,
        0.4252573549747467,
        0.41547346115112305
    ],
    "val_accuracy_values": [
        0.4480000138282776,
        0.6909999847412109,
        0.7870000004768372,
        0.8309999704360962,
        0.843999981880188,
        0.8560000061988831,
        0.8560000061988831,
        0.8659999966621399,
        0.871999979019165,
        0.8730000257492065
    ],
    "training_time_ms": 7387.41397857666,
    "inference_time_ms": 252.60233879089355,
    "loss": 0.41547346115112305,
    "accuracy": 0.8730000257492065
}