{
    "loss_values": [
        0.7482253909111023,
        0.33415472507476807,
        0.27950114011764526,
        0.24537768959999084,
        0.22116197645664215,
        0.20265719294548035,
        0.18778438866138458,
        0.17622067034244537,
        0.16678929328918457,
        0.15830565989017487
    ],
    "accuracy_values": [
        0.7889666557312012,
        0.9053333401679993,
        0.9203166961669922,
        0.9301666617393494,
        0.9363499879837036,
        0.9420499801635742,
        0.9461166858673096,
        0.9491166472434998,
        0.9517333507537842,
        0.9538999795913696
    ],
    "val_loss_values": [
        0.3658190369606018,
        0.29265296459198,
        0.25518980622291565,
        0.23044851422309875,
        0.21409955620765686,
        0.19532909989356995,
        0.18767833709716797,
        0.17518281936645508,
        0.16722211241722107,
        0.16244931519031525
    ],
    "val_accuracy_values": [
        0.8981999754905701,
        0.917900025844574,
        0.9258000254631042,
        0.9326000213623047,
        0.9386000037193298,
        0.9419000148773193,
        0.9434999823570251,
        0.9498999714851379,
        0.9516000151634216,
        0.9520000219345093
    ],
    "training_time_ms": 52380.871295928955,
    "inference_time_ms": 253.66568565368652,
    "loss": 0.16244931519031525,
    "accuracy": 0.9520000219345093
}