{
    "loss_values": [
        1.1008737087249756,
        0.4241921901702881,
        0.34803542494773865,
        0.31197887659072876,
        0.2867696285247803,
        0.26680788397789,
        0.2514292895793915,
        0.2361363023519516,
        0.22236602008342743,
        0.21042771637439728
    ],
    "accuracy_values": [
        0.7057333588600159,
        0.8826333284378052,
        0.9022666811943054,
        0.911300003528595,
        0.9185666441917419,
        0.9235666394233704,
        0.9273999929428101,
        0.9317333102226257,
        0.9359666705131531,
        0.9398333430290222
    ],
    "val_loss_values": [
        0.5920257568359375,
        0.452824205160141,
        0.39879661798477173,
        0.3755963146686554,
        0.34739935398101807,
        0.33138322830200195,
        0.3145776093006134,
        0.300508975982666,
        0.2903130054473877,
        0.2770891785621643
    ],
    "val_accuracy_values": [
        0.8389999866485596,
        0.8705999851226807,
        0.8826000094413757,
        0.8903999924659729,
        0.9003999829292297,
        0.9057999849319458,
        0.9075999855995178,
        0.9151999950408936,
        0.9174000024795532,
        0.9196000099182129
    ],
    "training_time_ms": 29770.860195159912,
    "inference_time_ms": 294.1708564758301,
    "loss": 0.2770891785621643,
    "accuracy": 0.9196000099182129
}