{
    "loss_values": [
        2.107283115386963,
        1.513560175895691,
        0.9622533321380615,
        0.6960053443908691,
        0.5603975653648376,
        0.47909659147262573,
        0.42515045404434204,
        0.3898630738258362,
        0.36130082607269287,
        0.33906635642051697
    ],
    "accuracy_values": [
        0.3190000057220459,
        0.5989999771118164,
        0.7716666460037231,
        0.82833331823349,
        0.8541666865348816,
        0.8726666569709778,
        0.8863333463668823,
        0.8928333520889282,
        0.8993332982063293,
        0.9054999947547913
    ],
    "val_loss_values": [
        1.900254487991333,
        1.2868034839630127,
        0.901133120059967,
        0.7174211144447327,
        0.6044321656227112,
        0.5456934571266174,
        0.5084153413772583,
        0.4668649733066559,
        0.45065930485725403,
        0.43868187069892883
    ],
    "val_accuracy_values": [
        0.46799999475479126,
        0.6859999895095825,
        0.7559999823570251,
        0.796999990940094,
        0.828000009059906,
        0.8379999995231628,
        0.8489999771118164,
        0.859000027179718,
        0.8650000095367432,
        0.8650000095367432
    ],
    "training_time_ms": 10247.80000000447,
    "inference_time_ms": 0.7000000029802322,
    "loss": 0.43868187069892883,
    "accuracy": 0.8650000095367432
}