{
    "loss_values": [
        1.2399982213974,
        0.4555678069591522,
        0.36688268184661865,
        0.32788407802581787,
        0.3024495244026184,
        0.2820897400379181,
        0.2645808160305023,
        0.250110000371933,
        0.23706576228141785,
        0.22473201155662537
    ],
    "accuracy_values": [
        0.6720666885375977,
        0.876300036907196,
        0.8976666927337646,
        0.9064666628837585,
        0.9136999845504761,
        0.9190999865531921,
        0.9241999983787537,
        0.9277999997138977,
        0.9312000274658203,
        0.9357333183288574
    ],
    "val_loss_values": [
        0.6529598236083984,
        0.4831695258617401,
        0.4261229932308197,
        0.3983306586742401,
        0.37874940037727356,
        0.35544776916503906,
        0.3343774080276489,
        0.3247058391571045,
        0.3105621933937073,
        0.2984761595726013
    ],
    "val_accuracy_values": [
        0.8127999901771545,
        0.8550000190734863,
        0.8736000061035156,
        0.8822000026702881,
        0.8838000297546387,
        0.8935999870300293,
        0.8992000222206116,
        0.9043999910354614,
        0.9100000262260437,
        0.9121999740600586
    ],
    "training_time_ms": 52180.60000000149,
    "inference_time_ms": 0.30000000447034836,
    "loss": 0.2984761595726013,
    "accuracy": 0.9121999740600586
}