{
    "loss_values": [
        0.9117385149002075,
        0.34836074709892273,
        0.2967364490032196,
        0.26624202728271484,
        0.24307464063167572,
        0.2250451296567917,
        0.21012234687805176,
        0.19689135253429413,
        0.18549105525016785,
        0.17502902448177338
    ],
    "accuracy_values": [
        0.7384833693504333,
        0.8999333381652832,
        0.9140999913215637,
        0.923466682434082,
        0.9298833608627319,
        0.935699999332428,
        0.9394000172615051,
        0.9433333277702332,
        0.9461333155632019,
        0.9495333433151245
    ],
    "val_loss_values": [
        0.3778383731842041,
        0.3018396496772766,
        0.26480817794799805,
        0.24579623341560364,
        0.2255961000919342,
        0.21488788723945618,
        0.2088550478219986,
        0.19821451604366302,
        0.1820526123046875,
        0.17830950021743774
    ],
    "val_accuracy_values": [
        0.8913999795913696,
        0.9135000109672546,
        0.9235000014305115,
        0.9297000169754028,
        0.9365000128746033,
        0.9369000196456909,
        0.9391999840736389,
        0.9424999952316284,
        0.9459999799728394,
        0.9474999904632568
    ],
    "training_time_ms": 104950.39999999851,
    "inference_time_ms": 0.7999999970197678,
    "loss": 0.17830950021743774,
    "accuracy": 0.9474999904632568
}