{
    "loss_values": [
        1.2470844984054565,
        0.4505753815174103,
        0.35996344685554504,
        0.3228738605976105,
        0.29823020100593567,
        0.2796993553638458,
        0.26462996006011963,
        0.2504006326198578,
        0.23850493133068085,
        0.22773347795009613
    ],
    "accuracy_values": [
        0.6415333151817322,
        0.8761000037193298,
        0.8982666730880737,
        0.9074666500091553,
        0.9164666533470154,
        0.9197333455085754,
        0.9240999817848206,
        0.9298000335693359,
        0.9321666955947876,
        0.9354000091552734
    ],
    "val_loss_values": [
        0.6300916075706482,
        0.4709007441997528,
        0.4149564504623413,
        0.380935937166214,
        0.3566344082355499,
        0.34286269545555115,
        0.32932478189468384,
        0.3223521113395691,
        0.31345340609550476,
        0.2893218994140625
    ],
    "val_accuracy_values": [
        0.8303999900817871,
        0.8615999817848206,
        0.8812000155448914,
        0.8888000249862671,
        0.8971999883651733,
        0.8996000289916992,
        0.9028000235557556,
        0.9038000106811523,
        0.9065999984741211,
        0.9160000085830688
    ],
    "training_time_ms": 51493.69999999553,
    "inference_time_ms": 0.30000000447034836,
    "loss": 0.2893218994140625,
    "accuracy": 0.9160000085830688
}