{
    "loss_values": [
        0.8154751658439636,
        0.3309985101222992,
        0.28409624099731445,
        0.2555534541606903,
        0.2342471331357956,
        0.21633245050907135,
        0.20087002217769623,
        0.1879323571920395,
        0.17665565013885498,
        0.1662941575050354
    ],
    "accuracy_values": [
        0.7657333612442017,
        0.904449999332428,
        0.9177500009536743,
        0.9263499975204468,
        0.9332833290100098,
        0.937666654586792,
        0.9420666694641113,
        0.9461666941642761,
        0.9491333365440369,
        0.9525333642959595
    ],
    "val_loss_values": [
        0.34978124499320984,
        0.28579676151275635,
        0.26109185814857483,
        0.23885679244995117,
        0.22248432040214539,
        0.20998452603816986,
        0.20358806848526,
        0.1943383663892746,
        0.18108463287353516,
        0.1742546260356903
    ],
    "val_accuracy_values": [
        0.9018999934196472,
        0.9174000024795532,
        0.9244999885559082,
        0.9307000041007996,
        0.9350000023841858,
        0.9387000203132629,
        0.9404000043869019,
        0.944599986076355,
        0.9455999732017517,
        0.9495999813079834
    ],
    "training_time_ms": 105259.29999999702,
    "inference_time_ms": 0.6000000014901161,
    "loss": 0.1742546260356903,
    "accuracy": 0.9495999813079834
}