{
    "loss_values": [
        2.154811382293701,
        1.629206895828247,
        1.029416561126709,
        0.7072172164916992,
        0.5585858821868896,
        0.47787317633628845,
        0.4292301833629608,
        0.3968542516231537,
        0.3715165853500366,
        0.35249990224838257
    ],
    "accuracy_values": [
        0.27133333683013916,
        0.5889999866485596,
        0.7553333044052124,
        0.8293333053588867,
        0.8558333516120911,
        0.8758333325386047,
        0.8853332996368408,
        0.8924999833106995,
        0.8988333344459534,
        0.9004999995231628
    ],
    "val_loss_values": [
        2.002572536468506,
        1.3829586505889893,
        0.9221494793891907,
        0.7032998204231262,
        0.6034140586853027,
        0.5356841087341309,
        0.49206772446632385,
        0.47811007499694824,
        0.4544300138950348,
        0.42574262619018555
    ],
    "val_accuracy_values": [
        0.4090000092983246,
        0.6610000133514404,
        0.7570000290870667,
        0.8090000152587891,
        0.8349999785423279,
        0.8529999852180481,
        0.8640000224113464,
        0.8669999837875366,
        0.8659999966621399,
        0.8840000033378601
    ],
    "training_time_ms": 10207,
    "inference_time_ms": 0.30000000447034836,
    "loss": 0.42574262619018555,
    "accuracy": 0.8840000033378601
}