{
    "loss_values": [
        0.8037208318710327,
        0.33665961027145386,
        0.2850707769393921,
        0.2553967237472534,
        0.23318031430244446,
        0.21474789083003998,
        0.2001681923866272,
        0.18627803027629852,
        0.17464619874954224,
        0.16493947803974152
    ],
    "accuracy_values": [
        0.7784833312034607,
        0.9037166833877563,
        0.9184666872024536,
        0.9261333346366882,
        0.9323500394821167,
        0.938533365726471,
        0.9430666565895081,
        0.9469166994094849,
        0.9501500129699707,
        0.9526166915893555
    ],
    "val_loss_values": [
        0.3685118556022644,
        0.29871901869773865,
        0.26113784313201904,
        0.2381151169538498,
        0.22156855463981628,
        0.20712663233280182,
        0.19371554255485535,
        0.19007545709609985,
        0.17346446216106415,
        0.1652221530675888
    ],
    "val_accuracy_values": [
        0.8942000269889832,
        0.9121999740600586,
        0.9248999953269958,
        0.930899977684021,
        0.9362999796867371,
        0.9387000203132629,
        0.9434000253677368,
        0.9456999897956848,
        0.9501000046730042,
        0.9524000287055969
    ],
    "training_time_ms": 191776.70000000298,
    "inference_time_ms": 0.19999999552965164,
    "loss": 0.1652221530675888,
    "accuracy": 0.9524000287055969
}