{
    "loss_values": [
        2.130423069000244,
        1.6373299360275269,
        1.0970032215118408,
        0.7666547894477844,
        0.6039761304855347,
        0.5106319785118103,
        0.4519301652908325,
        0.41108113527297974,
        0.3824540972709656,
        0.3596460223197937
    ],
    "accuracy_values": [
        0.3451666533946991,
        0.5428333282470703,
        0.7361666560173035,
        0.809166669845581,
        0.8448333144187927,
        0.8694999814033508,
        0.8826666474342346,
        0.8933333158493042,
        0.8976666331291199,
        0.9056666493415833
    ],
    "val_loss_values": [
        1.9663633108139038,
        1.4140576124191284,
        0.9594566226005554,
        0.7348337769508362,
        0.6166015863418579,
        0.544520914554596,
        0.5054822564125061,
        0.46609973907470703,
        0.44752538204193115,
        0.42970556020736694
    ],
    "val_accuracy_values": [
        0.4350000023841858,
        0.6600000262260437,
        0.7409999966621399,
        0.800000011920929,
        0.824999988079071,
        0.8550000190734863,
        0.8460000157356262,
        0.8690000176429749,
        0.8640000224113464,
        0.8759999871253967
    ],
    "training_time_ms": 19163.60000000149,
    "inference_time_ms": 0.20000000298023224,
    "loss": 0.42970556020736694,
    "accuracy": 0.8759999871253967
}