{
    "loss_values": [
        1.1842687129974365,
        0.4593620300292969,
        0.36568400263786316,
        0.3227393627166748,
        0.29536303877830505,
        0.2753320634365082,
        0.2595345973968506,
        0.24561084806919098,
        0.23369216918945312,
        0.22330710291862488
    ],
    "accuracy_values": [
        0.6726666688919067,
        0.8722333312034607,
        0.8964999914169312,
        0.9089666604995728,
        0.9152666926383972,
        0.9212666749954224,
        0.9254000186920166,
        0.9298999905586243,
        0.9316999912261963,
        0.9361333250999451
    ],
    "val_loss_values": [
        0.6479078531265259,
        0.47777339816093445,
        0.4111995995044708,
        0.38979557156562805,
        0.3560251295566559,
        0.3291938900947571,
        0.32532089948654175,
        0.316543847322464,
        0.30527263879776,
        0.29387640953063965
    ],
    "val_accuracy_values": [
        0.8131999969482422,
        0.8614000082015991,
        0.8787999749183655,
        0.8835999965667725,
        0.8962000012397766,
        0.9016000032424927,
        0.902999997138977,
        0.9035999774932861,
        0.9071999788284302,
        0.9101999998092651
    ],
    "training_time_ms": 96245.39999999851,
    "inference_time_ms": 0.10000000149011612,
    "loss": 0.29387640953063965,
    "accuracy": 0.9101999998092651
}