{
    "loss_values": [
        1.0805366039276123,
        0.4361583888530731,
        0.35199251770973206,
        0.31276482343673706,
        0.28663358092308044,
        0.26732295751571655,
        0.2516944408416748,
        0.2385694533586502,
        0.22638963162899017,
        0.21533377468585968
    ],
    "accuracy_values": [
        0.7071999907493591,
        0.878333330154419,
        0.901199996471405,
        0.9107999801635742,
        0.9180999994277954,
        0.9233333468437195,
        0.9277999997138977,
        0.9318000078201294,
        0.9355666637420654,
        0.9384666681289673
    ],
    "val_loss_values": [
        0.6124576330184937,
        0.46766752004623413,
        0.40914762020111084,
        0.3714224398136139,
        0.35604575276374817,
        0.3560044765472412,
        0.3233954608440399,
        0.3167119026184082,
        0.29521772265434265,
        0.29187411069869995
    ],
    "val_accuracy_values": [
        0.8274000287055969,
        0.8619999885559082,
        0.8772000074386597,
        0.8907999992370605,
        0.8980000019073486,
        0.8934000134468079,
        0.9047999978065491,
        0.9057999849319458,
        0.9132000207901001,
        0.9125999808311462
    ],
    "training_time_ms": 27597.803115844727,
    "inference_time_ms": 250.6556510925293,
    "loss": 0.29187411069869995,
    "accuracy": 0.9125999808311462
}