{
    "loss_values": [
        2.042740821838379,
        1.3579213619232178,
        0.8346700668334961,
        0.6020504236221313,
        0.49170300364494324,
        0.4299417734146118,
        0.3896677792072296,
        0.3625217378139496,
        0.3413796126842499,
        0.32381024956703186
    ],
    "accuracy_values": [
        0.34833332896232605,
        0.6673333048820496,
        0.8053333163261414,
        0.8510000109672546,
        0.8776666522026062,
        0.8884999752044678,
        0.8970000147819519,
        0.9038333296775818,
        0.9081666469573975,
        0.9143333435058594
    ],
    "val_loss_values": [
        1.776070475578308,
        1.1182695627212524,
        0.7773378491401672,
        0.6188247203826904,
        0.5424250364303589,
        0.4848834276199341,
        0.4632195830345154,
        0.43323808908462524,
        0.4200633466243744,
        0.40561002492904663
    ],
    "val_accuracy_values": [
        0.5239999890327454,
        0.7310000061988831,
        0.8069999814033508,
        0.8389999866485596,
        0.8539999723434448,
        0.8619999885559082,
        0.8700000047683716,
        0.875,
        0.8759999871253967,
        0.8809999823570251
    ],
    "training_time_ms": 7338.370800018311,
    "inference_time_ms": 301.8004894256592,
    "loss": 0.40561002492904663,
    "accuracy": 0.8809999823570251
}