{
    "loss_values": [
        0.8040712475776672,
        0.3342186510562897,
        0.27347320318222046,
        0.2393324375152588,
        0.2160479873418808,
        0.1979197859764099,
        0.18369798362255096,
        0.17160260677337646,
        0.1604558378458023,
        0.1511068046092987
    ],
    "accuracy_values": [
        0.7649499773979187,
        0.9037333130836487,
        0.9201666712760925,
        0.9306166768074036,
        0.9376166462898254,
        0.9424999952316284,
        0.9461166858673096,
        0.9502999782562256,
        0.9528499841690063,
        0.9551500082015991
    ],
    "val_loss_values": [
        0.367609441280365,
        0.28181856870651245,
        0.24501630663871765,
        0.22215229272842407,
        0.19875873625278473,
        0.18574979901313782,
        0.17573946714401245,
        0.16460750997066498,
        0.15799592435359955,
        0.15034735202789307
    ],
    "val_accuracy_values": [
        0.8930000066757202,
        0.9172000288963318,
        0.9264000058174133,
        0.9348999857902527,
        0.9427000284194946,
        0.9451000094413757,
        0.9483000040054321,
        0.9508000016212463,
        0.9527999758720398,
        0.9544000029563904
    ],
    "training_time_ms": 52979.57134246826,
    "inference_time_ms": 257.4193477630615,
    "loss": 0.15034735202789307,
    "accuracy": 0.9544000029563904
}