{
    "loss_values": [
        0.9447289705276489,
        0.35365092754364014,
        0.29620876908302307,
        0.2635110318660736,
        0.23842689394950867,
        0.2178814709186554,
        0.2001996785402298,
        0.18533910810947418,
        0.17301827669143677,
        0.16240936517715454
    ],
    "accuracy_values": [
        0.7419666647911072,
        0.8983500003814697,
        0.9141499996185303,
        0.9246833324432373,
        0.932283341884613,
        0.9369166493415833,
        0.9428499937057495,
        0.9470500349998474,
        0.9502500295639038,
        0.9532166719436646
    ],
    "val_loss_values": [
        0.3840169608592987,
        0.30392834544181824,
        0.2656332850456238,
        0.24010103940963745,
        0.2256058156490326,
        0.20558971166610718,
        0.1881694793701172,
        0.18020890653133392,
        0.17431151866912842,
        0.16548852622509003
    ],
    "val_accuracy_values": [
        0.8928000330924988,
        0.9127000570297241,
        0.9230000376701355,
        0.9301000237464905,
        0.9337000250816345,
        0.9433000683784485,
        0.9470000267028809,
        0.9486000537872314,
        0.9503000378608704,
        0.9523000717163086
    ],
    "training_time_ms": 42261,
    "inference_time_ms": 92.80000000447035,
    "loss": 0.16548852622509003,
    "accuracy": 0.9523000717163086
}