{
    "loss_values": [
        1.1859710216522217,
        0.43839848041534424,
        0.35083451867103577,
        0.31256037950515747,
        0.28698456287384033,
        0.2674899697303772,
        0.25228646397590637,
        0.23896466195583344,
        0.22730189561843872,
        0.21710294485092163
    ],
    "accuracy_values": [
        0.6727666854858398,
        0.8795999884605408,
        0.901199996471405,
        0.912933349609375,
        0.9194999933242798,
        0.9232000112533569,
        0.926466703414917,
        0.9311666488647461,
        0.9349333643913269,
        0.9379000067710876
    ],
    "val_loss_values": [
        0.6076942086219788,
        0.4600193202495575,
        0.39711034297943115,
        0.37433096766471863,
        0.3479999899864197,
        0.331315279006958,
        0.319771409034729,
        0.30301564931869507,
        0.3002510368824005,
        0.28542977571487427
    ],
    "val_accuracy_values": [
        0.8322000503540039,
        0.8680000305175781,
        0.8868000507354736,
        0.8920000195503235,
        0.8946000337600708,
        0.9026000499725342,
        0.9050000309944153,
        0.9116000533103943,
        0.9100000262260437,
        0.9172000288963318
    ],
    "training_time_ms": 21946.90000000596,
    "inference_time_ms": 7.199999995529652,
    "loss": 0.28542977571487427,
    "accuracy": 0.9172000288963318
}