{
    "loss_values": [
        2.1647777557373047,
        1.6191699504852295,
        1.0075956583023071,
        0.6954917907714844,
        0.5534184575080872,
        0.47728437185287476,
        0.42762693762779236,
        0.39461302757263184,
        0.3677644729614258,
        0.3481568992137909
    ],
    "accuracy_values": [
        0.3021666705608368,
        0.5956666469573975,
        0.765500009059906,
        0.825333297252655,
        0.8578333258628845,
        0.875499963760376,
        0.8865000009536743,
        0.8921666741371155,
        0.8978333473205566,
        0.9038333296775818
    ],
    "val_loss_values": [
        2.0009987354278564,
        1.3901524543762207,
        0.9317969083786011,
        0.7191118001937866,
        0.624565601348877,
        0.5470279455184937,
        0.5108292698860168,
        0.48224544525146484,
        0.46378660202026367,
        0.43347418308258057
    ],
    "val_accuracy_values": [
        0.4190000295639038,
        0.6220000386238098,
        0.7570000290870667,
        0.8010000586509705,
        0.8260000348091125,
        0.843000054359436,
        0.8550000190734863,
        0.862000048160553,
        0.8730000257492065,
        0.8790000677108765
    ],
    "training_time_ms": 4680.89999999851,
    "inference_time_ms": 6.700000002980232,
    "loss": 0.43347418308258057,
    "accuracy": 0.8790000677108765
}