{
    "loss_values": [
        1.1054986715316772,
        0.4250294268131256,
        0.34314408898353577,
        0.30321502685546875,
        0.27616941928863525,
        0.2561253607273102,
        0.240021213889122,
        0.2246529459953308,
        0.21256360411643982,
        0.20107880234718323
    ],
    "accuracy_values": [
        0.6921666860580444,
        0.881600022315979,
        0.9047333598136902,
        0.9153666496276855,
        0.9233999848365784,
        0.9277999997138977,
        0.932699978351593,
        0.9374333620071411,
        0.9397666454315186,
        0.9432333111763
    ],
    "val_loss_values": [
        0.5986236333847046,
        0.44436171650886536,
        0.3951359987258911,
        0.35528501868247986,
        0.3443945050239563,
        0.3236654996871948,
        0.29952970147132874,
        0.2928633391857147,
        0.28038060665130615,
        0.2663551867008209
    ],
    "val_accuracy_values": [
        0.8299999833106995,
        0.8723999857902527,
        0.8838000297546387,
        0.8956000208854675,
        0.8960000276565552,
        0.9043999910354614,
        0.9111999869346619,
        0.9146000146865845,
        0.9164000153541565,
        0.9193999767303467
    ],
    "training_time_ms": 27372.30896949768,
    "inference_time_ms": 247.28798866271973,
    "loss": 0.2663551867008209,
    "accuracy": 0.9193999767303467
}