{
    "loss_values": [
        0.6838639974594116,
        0.3221167325973511,
        0.2754664123058319,
        0.24551419913768768,
        0.22254376113414764,
        0.20521770417690277,
        0.19178810715675354,
        0.18038514256477356,
        0.17062287032604218,
        0.1625250279903412
    ],
    "accuracy_values": [
        0.8105666637420654,
        0.9070333242416382,
        0.9203833341598511,
        0.929183304309845,
        0.9360166788101196,
        0.9406833052635193,
        0.944433331489563,
        0.948033332824707,
        0.9507666826248169,
        0.9524999856948853
    ],
    "val_loss_values": [
        0.3462647497653961,
        0.2816920876502991,
        0.251862108707428,
        0.23011071979999542,
        0.21070602536201477,
        0.19591757655143738,
        0.18996602296829224,
        0.1768425852060318,
        0.1720803827047348,
        0.16409605741500854
    ],
    "val_accuracy_values": [
        0.8999000191688538,
        0.9217000007629395,
        0.9277999997138977,
        0.932699978351593,
        0.9380999803543091,
        0.942300021648407,
        0.9452999830245972,
        0.9480000138282776,
        0.9495999813079834,
        0.9513999819755554
    ],
    "training_time_ms": 52454.45895195007,
    "inference_time_ms": 252.4101734161377,
    "loss": 0.16409605741500854,
    "accuracy": 0.9513999819755554
}