{
    "loss_values": [
        2.02475905418396,
        1.2443432807922363,
        0.7627934813499451,
        0.5760437846183777,
        0.4808077812194824,
        0.42325708270072937,
        0.3845202326774597,
        0.35687482357025146,
        0.33532094955444336,
        0.31736597418785095
    ],
    "accuracy_values": [
        0.37049999833106995,
        0.7076666951179504,
        0.8103333115577698,
        0.8519999980926514,
        0.8736666440963745,
        0.8881666660308838,
        0.8991666436195374,
        0.902999997138977,
        0.9100000262260437,
        0.9131666421890259
    ],
    "val_loss_values": [
        1.704101800918579,
        1.02617347240448,
        0.7512502670288086,
        0.623822033405304,
        0.5485863089561462,
        0.5102819800376892,
        0.47604379057884216,
        0.4590744376182556,
        0.4421139657497406,
        0.4272896349430084
    ],
    "val_accuracy_values": [
        0.5580000281333923,
        0.7440000176429749,
        0.7860000133514404,
        0.8240000009536743,
        0.8420000076293945,
        0.8479999899864197,
        0.8569999933242798,
        0.8679999709129333,
        0.8659999966621399,
        0.8690000176429749
    ],
    "training_time_ms": 6580.291509628296,
    "inference_time_ms": 253.96966934204102,
    "loss": 0.4272896349430084,
    "accuracy": 0.8690000176429749
}