{
    "loss_values": [
        1.1730027198791504,
        0.4365885853767395,
        0.3494590222835541,
        0.3111007809638977,
        0.2857268154621124,
        0.2655714750289917,
        0.25016388297080994,
        0.2356811910867691,
        0.2241828292608261,
        0.21321862936019897
    ],
    "accuracy_values": [
        0.6633999943733215,
        0.8779333233833313,
        0.8998000025749207,
        0.9107333421707153,
        0.918066680431366,
        0.9233999848365784,
        0.928766667842865,
        0.9314666986465454,
        0.9354667067527771,
        0.938800036907196
    ],
    "val_loss_values": [
        0.6237099766731262,
        0.45921504497528076,
        0.4027281701564789,
        0.3705669939517975,
        0.3490229845046997,
        0.3355799913406372,
        0.3204807937145233,
        0.3013783395290375,
        0.2990402579307556,
        0.2991313636302948
    ],
    "val_accuracy_values": [
        0.8245999813079834,
        0.864799976348877,
        0.8813999891281128,
        0.8942000269889832,
        0.8978000283241272,
        0.9035999774932861,
        0.9043999910354614,
        0.9106000065803528,
        0.9120000004768372,
        0.9133999943733215
    ],
    "training_time_ms": 52498.39999999851,
    "inference_time_ms": 0.5,
    "loss": 0.2991313636302948,
    "accuracy": 0.9133999943733215
}