{
    "loss_values": [
        2.1816518306732178,
        1.7366949319839478,
        1.1101192235946655,
        0.7480950355529785,
        0.5881078243255615,
        0.5033617615699768,
        0.44808873534202576,
        0.41105031967163086,
        0.38064736127853394,
        0.3571344316005707
    ],
    "accuracy_values": [
        0.2056666612625122,
        0.5403333306312561,
        0.765666663646698,
        0.8213333487510681,
        0.8503333330154419,
        0.8673333525657654,
        0.8808333277702332,
        0.8868333101272583,
        0.8958333134651184,
        0.9013333320617676
    ],
    "val_loss_values": [
        2.0446574687957764,
        1.4924671649932861,
        0.9659265875816345,
        0.7305940985679626,
        0.6124379634857178,
        0.5495715141296387,
        0.5058748126029968,
        0.4662843942642212,
        0.4421914219856262,
        0.42275187373161316
    ],
    "val_accuracy_values": [
        0.3479999899864197,
        0.6959999799728394,
        0.7799999713897705,
        0.8119999766349792,
        0.8349999785423279,
        0.843999981880188,
        0.8450000286102295,
        0.8700000047683716,
        0.8769999742507935,
        0.8820000290870667
    ],
    "training_time_ms": 10273.79999999702,
    "inference_time_ms": 0.6000000014901161,
    "loss": 0.42275187373161316,
    "accuracy": 0.8820000290870667
}