{
    "loss_values": [
        0.8248015642166138,
        0.33510375022888184,
        0.27817901968955994,
        0.2448996752500534,
        0.2202385663986206,
        0.2017393857240677,
        0.1861746609210968,
        0.17333561182022095,
        0.16280707716941833,
        0.15299665927886963
    ],
    "accuracy_values": [
        0.7590333223342896,
        0.9031500220298767,
        0.9197333455085754,
        0.9294000267982483,
        0.9357166886329651,
        0.9418666958808899,
        0.9463333487510681,
        0.9494500160217285,
        0.9525166749954224,
        0.9557333588600159
    ],
    "val_loss_values": [
        0.37006092071533203,
        0.2890476882457733,
        0.2591988146305084,
        0.22963352501392365,
        0.20945040881633759,
        0.19641786813735962,
        0.18284277617931366,
        0.17008651793003082,
        0.1667247712612152,
        0.1538594365119934
    ],
    "val_accuracy_values": [
        0.890999972820282,
        0.917900025844574,
        0.9225000143051147,
        0.9330999851226807,
        0.9391999840736389,
        0.9429000020027161,
        0.9448000192642212,
        0.9501000046730042,
        0.9502999782562256,
        0.9542999863624573
    ],
    "training_time_ms": 103933.70000000298,
    "inference_time_ms": 22.099999994039536,
    "loss": 0.1538594365119934,
    "accuracy": 0.9542999863624573
}