{
    "loss_values": [
        1.2013030052185059,
        0.4475400149822235,
        0.3587363362312317,
        0.31874608993530273,
        0.2921091318130493,
        0.27116432785987854,
        0.2538985311985016,
        0.23833149671554565,
        0.22614900767803192,
        0.21352888643741608
    ],
    "accuracy_values": [
        0.6758999824523926,
        0.8791000247001648,
        0.8988333344459534,
        0.9095333218574524,
        0.9169666767120361,
        0.9232333302497864,
        0.9276333451271057,
        0.930733323097229,
        0.9342666864395142,
        0.9384666681289673
    ],
    "val_loss_values": [
        0.638336181640625,
        0.46687933802604675,
        0.40544500946998596,
        0.38064056634902954,
        0.3465877175331116,
        0.3334929347038269,
        0.31529539823532104,
        0.29842114448547363,
        0.2785665690898895,
        0.2725778818130493
    ],
    "val_accuracy_values": [
        0.817799985408783,
        0.8658000230789185,
        0.8826000094413757,
        0.8880000114440918,
        0.9003999829292297,
        0.90420001745224,
        0.9103999733924866,
        0.9156000018119812,
        0.9200000166893005,
        0.9192000031471252
    ],
    "training_time_ms": 95485.5,
    "inference_time_ms": 0.10000000149011612,
    "loss": 0.2725778818130493,
    "accuracy": 0.9192000031471252
}