{
    "loss_values": [
        0.85374915599823,
        0.351028710603714,
        0.29858648777008057,
        0.26539650559425354,
        0.24010933935642242,
        0.22038620710372925,
        0.20421746373176575,
        0.19121478497982025,
        0.17961303889751434,
        0.16923826932907104
    ],
    "accuracy_values": [
        0.7618833184242249,
        0.8989999890327454,
        0.9142667055130005,
        0.923633337020874,
        0.9303833246231079,
        0.9363166689872742,
        0.9400666952133179,
        0.9441333413124084,
        0.9476333260536194,
        0.95086669921875
    ],
    "val_loss_values": [
        0.38460245728492737,
        0.30468207597732544,
        0.2756732106208801,
        0.24651657044887543,
        0.2348017543554306,
        0.21298767626285553,
        0.19675952196121216,
        0.1891561895608902,
        0.18011216819286346,
        0.17159810662269592
    ],
    "val_accuracy_values": [
        0.8898000121116638,
        0.9139000177383423,
        0.9207000136375427,
        0.9311000108718872,
        0.9318000078201294,
        0.9380000233650208,
        0.9423999786376953,
        0.9452000260353088,
        0.9472000002861023,
        0.9487000107765198
    ],
    "training_time_ms": 191249.79999999702,
    "inference_time_ms": 0.19999999552965164,
    "loss": 0.17159810662269592,
    "accuracy": 0.9487000107765198
}