{
    "loss_values": [
        2.1796836853027344,
        1.5849426984786987,
        0.958173394203186,
        0.6842196583747864,
        0.5561997890472412,
        0.48449409008026123,
        0.43803703784942627,
        0.4047080874443054,
        0.3793888986110687,
        0.35833120346069336
    ],
    "accuracy_values": [
        0.26649999618530273,
        0.6033333539962769,
        0.7683333158493042,
        0.8218333125114441,
        0.8504999876022339,
        0.8683333396911621,
        0.8796666860580444,
        0.887333333492279,
        0.8948333263397217,
        0.8984999656677246
    ],
    "val_loss_values": [
        1.9750739336013794,
        1.273179054260254,
        0.8606674075126648,
        0.689553439617157,
        0.5952789187431335,
        0.542801022529602,
        0.5109262466430664,
        0.4758510887622833,
        0.463155061006546,
        0.4365186095237732
    ],
    "val_accuracy_values": [
        0.42899999022483826,
        0.6819999814033508,
        0.777999997138977,
        0.8220000267028809,
        0.8389999866485596,
        0.8460000157356262,
        0.8539999723434448,
        0.8659999966621399,
        0.8679999709129333,
        0.8709999918937683
    ],
    "training_time_ms": 19259.5,
    "inference_time_ms": 0.29999999701976776,
    "loss": 0.4365186095237732,
    "accuracy": 0.8709999918937683
}