{
    "loss_values": [
        2.230315685272217,
        1.872583270072937,
        1.3556021451950073,
        0.8904768228530884,
        0.6577299237251282,
        0.5413368344306946,
        0.47317737340927124,
        0.42833206057548523,
        0.39616426825523376,
        0.37123751640319824
    ],
    "accuracy_values": [
        0.21133333444595337,
        0.46966665983200073,
        0.6554999947547913,
        0.7929999828338623,
        0.8331666588783264,
        0.8575000166893005,
        0.872166633605957,
        0.8799999952316284,
        0.8899999856948853,
        0.8955000042915344
    ],
    "val_loss_values": [
        2.110055446624756,
        1.6919256448745728,
        1.1794215440750122,
        0.8499311804771423,
        0.6992162466049194,
        0.6129905581474304,
        0.5601827502250671,
        0.5209828615188599,
        0.5010392665863037,
        0.47236472368240356
    ],
    "val_accuracy_values": [
        0.3630000054836273,
        0.5360000133514404,
        0.703000009059906,
        0.7770000100135803,
        0.7990000247955322,
        0.8270000219345093,
        0.8289999961853027,
        0.8420000076293945,
        0.8510000109672546,
        0.8629999756813049
    ],
    "training_time_ms": 19200.10000000149,
    "inference_time_ms": 0.20000000298023224,
    "loss": 0.47236472368240356,
    "accuracy": 0.8629999756813049
}