{
    "loss_values": [
        0.7910698652267456,
        0.3443015217781067,
        0.29316261410713196,
        0.2610219120979309,
        0.23578529059886932,
        0.21501611173152924,
        0.1992780715227127,
        0.1855742633342743,
        0.17355357110500336,
        0.16409561038017273
    ],
    "accuracy_values": [
        0.7802500128746033,
        0.9018999934196472,
        0.9159833192825317,
        0.9251999855041504,
        0.9331833720207214,
        0.9386166930198669,
        0.9428333640098572,
        0.9464666843414307,
        0.9504166841506958,
        0.9524666666984558
    ],
    "val_loss_values": [
        0.3622089624404907,
        0.30185332894325256,
        0.26934686303138733,
        0.23936350643634796,
        0.21882423758506775,
        0.20632930099964142,
        0.19462168216705322,
        0.1854027360677719,
        0.1815975159406662,
        0.16666732728481293
    ],
    "val_accuracy_values": [
        0.8985999822616577,
        0.9132000207901001,
        0.9222000241279602,
        0.9302999973297119,
        0.9361000061035156,
        0.9404000043869019,
        0.9430999755859375,
        0.9449999928474426,
        0.9491000175476074,
        0.9513999819755554
    ],
    "training_time_ms": 190883.1000000015,
    "inference_time_ms": 0.20000000298023224,
    "loss": 0.16666732728481293,
    "accuracy": 0.9513999819755554
}