{
    "loss_values": [
        1.2116695642471313,
        0.46189773082733154,
        0.36021947860717773,
        0.3172866106033325,
        0.2894461750984192,
        0.2694547772407532,
        0.2521364986896515,
        0.23783649504184723,
        0.22469300031661987,
        0.21276475489139557
    ],
    "accuracy_values": [
        0.659766674041748,
        0.8718000054359436,
        0.8977000117301941,
        0.9099000096321106,
        0.9179666638374329,
        0.9237666726112366,
        0.9289667010307312,
        0.9328333139419556,
        0.9368667006492615,
        0.9401333332061768
    ],
    "val_loss_values": [
        0.6529741287231445,
        0.4714883863925934,
        0.4188133776187897,
        0.3771567642688751,
        0.3544779419898987,
        0.33090418577194214,
        0.3139784336090088,
        0.30267390608787537,
        0.29296043515205383,
        0.2843684256076813
    ],
    "val_accuracy_values": [
        0.8176000118255615,
        0.8633999824523926,
        0.8763999938964844,
        0.8906000256538391,
        0.8985999822616577,
        0.9061999917030334,
        0.9082000255584717,
        0.9139999747276306,
        0.9175999760627747,
        0.9142000079154968
    ],
    "training_time_ms": 95000.30000000447,
    "inference_time_ms": 0.20000000298023224,
    "loss": 0.2843684256076813,
    "accuracy": 0.9142000079154968
}