{
    "loss_values": [
        2.100046157836914,
        1.4529553651809692,
        0.9085089564323425,
        0.6634379625320435,
        0.5436186790466309,
        0.4741583466529846,
        0.42475277185440063,
        0.39017218351364136,
        0.36488229036331177,
        0.343589723110199
    ],
    "accuracy_values": [
        0.2994999885559082,
        0.6478333473205566,
        0.778333306312561,
        0.8244999647140503,
        0.8558333516120911,
        0.8703333139419556,
        0.8841666579246521,
        0.8934999704360962,
        0.8989999890327454,
        0.9054999947547913
    ],
    "val_loss_values": [
        1.8689757585525513,
        1.2049312591552734,
        0.8425813317298889,
        0.6776226162910461,
        0.5940693020820618,
        0.5332195162773132,
        0.4892185628414154,
        0.4671825170516968,
        0.4423212707042694,
        0.4286469519138336
    ],
    "val_accuracy_values": [
        0.48100003600120544,
        0.6910000443458557,
        0.7580000162124634,
        0.7990000247955322,
        0.8210000395774841,
        0.843000054359436,
        0.8570000529289246,
        0.8610000610351562,
        0.8720000386238098,
        0.8720000386238098
    ],
    "training_time_ms": 4535.29999999702,
    "inference_time_ms": 6.399999998509884,
    "loss": 0.4286469519138336,
    "accuracy": 0.8720000386238098
}