{
    "loss_values": [
        0.7899925112724304,
        0.3393194079399109,
        0.28725364804267883,
        0.256929486989975,
        0.23489752411842346,
        0.21727485954761505,
        0.20295380055904388,
        0.19000297784805298,
        0.17864865064620972,
        0.16854725778102875
    ],
    "accuracy_values": [
        0.7872166633605957,
        0.9032666683197021,
        0.9168500304222107,
        0.9255666732788086,
        0.9323000311851501,
        0.9370499849319458,
        0.9416666626930237,
        0.9458000063896179,
        0.9480000138282776,
        0.9505500197410583
    ],
    "val_loss_values": [
        0.3630315661430359,
        0.29229485988616943,
        0.259554922580719,
        0.23303277790546417,
        0.21666312217712402,
        0.20569190382957458,
        0.19323377311229706,
        0.1847662776708603,
        0.17806029319763184,
        0.16942098736763
    ],
    "val_accuracy_values": [
        0.8958000540733337,
        0.917400062084198,
        0.9271000623703003,
        0.9338000416755676,
        0.9385000467300415,
        0.9408000707626343,
        0.9427000284194946,
        0.9457000494003296,
        0.9476000666618347,
        0.9503000378608704
    ],
    "training_time_ms": 45104.70000000298,
    "inference_time_ms": 49.20000000298023,
    "loss": 0.16942098736763,
    "accuracy": 0.9503000378608704
}