{
    "loss_values": [
        1.1545321941375732,
        0.43320924043655396,
        0.34446248412132263,
        0.3051341474056244,
        0.27892619371414185,
        0.2595292627811432,
        0.24333977699279785,
        0.23040157556533813,
        0.21837684512138367,
        0.20843984186649323
    ],
    "accuracy_values": [
        0.6780666708946228,
        0.8820000290870667,
        0.9035666584968567,
        0.9125000238418579,
        0.9194000363349915,
        0.925433337688446,
        0.9301999807357788,
        0.9330000281333923,
        0.9372000098228455,
        0.9395999908447266
    ],
    "val_loss_values": [
        0.6172252893447876,
        0.453260213136673,
        0.4081083834171295,
        0.3562087416648865,
        0.3397190570831299,
        0.3185424506664276,
        0.30703407526016235,
        0.29858943819999695,
        0.28934913873672485,
        0.2727251648902893
    ],
    "val_accuracy_values": [
        0.8334000110626221,
        0.8732000589370728,
        0.8794000148773193,
        0.898400068283081,
        0.898400068283081,
        0.9052000641822815,
        0.9098000526428223,
        0.9114000201225281,
        0.9086000323295593,
        0.91920006275177
    ],
    "training_time_ms": 21739.80000000447,
    "inference_time_ms": 7.899999998509884,
    "loss": 0.2727251648902893,
    "accuracy": 0.91920006275177
}