{
    "loss_values": [
        1.1657418012619019,
        0.4360356628894806,
        0.35407912731170654,
        0.3162851929664612,
        0.2916639745235443,
        0.27186885476112366,
        0.254513144493103,
        0.2390679121017456,
        0.22585222125053406,
        0.2134287804365158
    ],
    "accuracy_values": [
        0.6745333671569824,
        0.8804666996002197,
        0.9006333351135254,
        0.9105333685874939,
        0.9178333282470703,
        0.9230999946594238,
        0.9282333254814148,
        0.9323000311851501,
        0.9359666705131531,
        0.9393333196640015
    ],
    "val_loss_values": [
        0.6214523911476135,
        0.46267837285995483,
        0.40500766038894653,
        0.3746366798877716,
        0.3536601662635803,
        0.3311748504638672,
        0.3273390233516693,
        0.30347537994384766,
        0.29271143674850464,
        0.28058475255966187
    ],
    "val_accuracy_values": [
        0.8284000158309937,
        0.8633999824523926,
        0.8799999952316284,
        0.8877999782562256,
        0.8981999754905701,
        0.9017999768257141,
        0.901199996471405,
        0.9082000255584717,
        0.9133999943733215,
        0.9133999943733215
    ],
    "training_time_ms": 95457,
    "inference_time_ms": 0.29999999701976776,
    "loss": 0.28058475255966187,
    "accuracy": 0.9133999943733215
}