{
    "loss_values": [
        0.8803771734237671,
        0.33816254138946533,
        0.28687211871147156,
        0.25564953684806824,
        0.23131409287452698,
        0.21138176321983337,
        0.19475026428699493,
        0.18067622184753418,
        0.16826696693897247,
        0.15772143006324768
    ],
    "accuracy_values": [
        0.7447167038917542,
        0.902899980545044,
        0.9170833230018616,
        0.9259166717529297,
        0.9328500032424927,
        0.9379333257675171,
        0.943149983882904,
        0.9480500221252441,
        0.9511500000953674,
        0.9546000361442566
    ],
    "val_loss_values": [
        0.36141395568847656,
        0.293854683637619,
        0.254871129989624,
        0.23524948954582214,
        0.2107468992471695,
        0.19812096655368805,
        0.18316565454006195,
        0.17055603861808777,
        0.1645827442407608,
        0.1546989530324936
    ],
    "val_accuracy_values": [
        0.8950999975204468,
        0.9115999937057495,
        0.9243000149726868,
        0.9298999905586243,
        0.9372000098228455,
        0.941100001335144,
        0.9437000155448914,
        0.9473999738693237,
        0.949400007724762,
        0.954200029373169
    ],
    "training_time_ms": 191689.6000000015,
    "inference_time_ms": 0.29999999701976776,
    "loss": 0.1546989530324936,
    "accuracy": 0.954200029373169
}