{
    "loss_values": [
        1.9480668306350708,
        1.1957124471664429,
        0.7766878008842468,
        0.5967943668365479,
        0.5007013082504272,
        0.44216954708099365,
        0.4029995799064636,
        0.37383848428726196,
        0.3523228168487549,
        0.33477693796157837
    ],
    "accuracy_values": [
        0.4463333189487457,
        0.7421666383743286,
        0.8116666674613953,
        0.8486666679382324,
        0.8690000176429749,
        0.8796666860580444,
        0.8924999833106995,
        0.8983333110809326,
        0.9026666283607483,
        0.90666663646698
    ],
    "val_loss_values": [
        1.633628010749817,
        1.0426812171936035,
        0.7821722030639648,
        0.6526065468788147,
        0.5708710551261902,
        0.522104024887085,
        0.501686692237854,
        0.480731725692749,
        0.4516642689704895,
        0.4338394105434418
    ],
    "val_accuracy_values": [
        0.6150000095367432,
        0.722000002861023,
        0.7900000214576721,
        0.8140000104904175,
        0.8339999914169312,
        0.843999981880188,
        0.8539999723434448,
        0.859000027179718,
        0.8700000047683716,
        0.8730000257492065
    ],
    "training_time_ms": 15940.89999999851,
    "inference_time_ms": 0.29999999701976776,
    "loss": 0.4338394105434418,
    "accuracy": 0.8730000257492065
}