{
    "loss_values": [
        0.7989007234573364,
        0.3327207863330841,
        0.27683064341545105,
        0.24540475010871887,
        0.22208420932292938,
        0.2039303034543991,
        0.18870602548122406,
        0.17645056545734406,
        0.16557957231998444,
        0.156078040599823
    ],
    "accuracy_values": [
        0.7838000059127808,
        0.9041833281517029,
        0.9200666546821594,
        0.9288166761398315,
        0.9361667037010193,
        0.9413166642189026,
        0.9467499852180481,
        0.949999988079071,
        0.9535999894142151,
        0.954800009727478
    ],
    "val_loss_values": [
        0.3688696622848511,
        0.2900870740413666,
        0.2508723735809326,
        0.2249101996421814,
        0.21056242287158966,
        0.19253577291965485,
        0.1830759346485138,
        0.16752251982688904,
        0.16271036863327026,
        0.1551094502210617
    ],
    "val_accuracy_values": [
        0.8939999938011169,
        0.9157000184059143,
        0.928600013256073,
        0.9359999895095825,
        0.9387000203132629,
        0.9423999786376953,
        0.9455999732017517,
        0.9505000114440918,
        0.9516000151634216,
        0.953499972820282
    ],
    "training_time_ms": 105807.69999999553,
    "inference_time_ms": 1.5,
    "loss": 0.1551094502210617,
    "accuracy": 0.953499972820282
}