{
    "loss_values": [
        2.0656819343566895,
        1.448177695274353,
        0.943705141544342,
        0.6943725347518921,
        0.5623860359191895,
        0.4846239387989044,
        0.433187872171402,
        0.3985331654548645,
        0.3711238503456116,
        0.3507618308067322
    ],
    "accuracy_values": [
        0.3461666703224182,
        0.6119999885559082,
        0.7714999914169312,
        0.8274999856948853,
        0.8508332967758179,
        0.8676666617393494,
        0.8813333511352539,
        0.891166627407074,
        0.8978333473205566,
        0.903499960899353
    ],
    "val_loss_values": [
        1.83494234085083,
        1.2289587259292603,
        0.8852823972702026,
        0.7060539722442627,
        0.6039122939109802,
        0.5468243956565857,
        0.4964074194431305,
        0.4682871699333191,
        0.45249873399734497,
        0.42176303267478943
    ],
    "val_accuracy_values": [
        0.5009999871253967,
        0.6769999861717224,
        0.7639999985694885,
        0.8090000152587891,
        0.828000009059906,
        0.8420000076293945,
        0.8610000014305115,
        0.871999979019165,
        0.8769999742507935,
        0.8790000081062317
    ],
    "training_time_ms": 10266,
    "inference_time_ms": 0.29999999701976776,
    "loss": 0.42176303267478943,
    "accuracy": 0.8790000081062317
}