{
    "loss_values": [
        1.2677030563354492,
        0.4652063548564911,
        0.36648544669151306,
        0.32506370544433594,
        0.2983703017234802,
        0.27780771255493164,
        0.26150262355804443,
        0.24652168154716492,
        0.23452909290790558,
        0.22280266880989075
    ],
    "accuracy_values": [
        0.6189000010490417,
        0.8735333681106567,
        0.8973667025566101,
        0.9094666838645935,
        0.9150333404541016,
        0.9208333492279053,
        0.9260666966438293,
        0.9292333722114563,
        0.9331666827201843,
        0.9363999962806702
    ],
    "val_loss_values": [
        0.6625942587852478,
        0.4693244993686676,
        0.41278529167175293,
        0.3851493299007416,
        0.35363513231277466,
        0.33821016550064087,
        0.32163673639297485,
        0.31005430221557617,
        0.29908454418182373,
        0.29635724425315857
    ],
    "val_accuracy_values": [
        0.8176000118255615,
        0.8658000230789185,
        0.8795999884605408,
        0.8903999924659729,
        0.900600016117096,
        0.90420001745224,
        0.9056000113487244,
        0.9110000133514404,
        0.9136000275611877,
        0.9124000072479248
    ],
    "training_time_ms": 51889.5,
    "inference_time_ms": 0.6000000014901161,
    "loss": 0.29635724425315857,
    "accuracy": 0.9124000072479248
}