{
    "loss_values": [
        16.241597739816047,
        15.44484711271991,
        14.203652486672368,
        13.027523624871627,
        12.099079907919156,
        11.284771997590882,
        10.545559706520033,
        9.829622252736387,
        9.114586773041925,
        8.378337105464734
    ],
    "accuracy_values": [
        0.18571428571428572,
        0.24285714285714285,
        0.38571428571428573,
        0.45714285714285713,
        0.5714285714285714,
        0.7,
        0.7714285714285715,
        0.7857142857142857,
        0.8,
        0.8142857142857143
    ],
    "val_loss_values": [
        15.80601885665208,
        15.175870620157934,
        14.565730884325767,
        14.102736236780656,
        13.653964939911448,
        13.239500314511805,
        12.885899543431202,
        12.488473669009336,
        12.171813772431348,
        11.82955320422603
    ],
    "val_accuracy_values": [
        0.10938237355031533,
        0.23010482060375523,
        0.2710320467903159,
        0.3125455819474038,
        0.384232578758455,
        0.4283487537359322,
        0.4499277838950936,
        0.47220752477512906,
        0.48288978821375966,
        0.5021664831471921
    ],
    "training_time_ms": 57241.40000000596,
    "inference_time_ms": 5676.29999999702,
    "loss": 11.82955320422603,
    "accuracy": 0.5021664831471921
}