{
    "loss_values": [
        14.299380276137201,
        9.016302314959342,
        6.035717272096003,
        4.510292538799319,
        3.5869892196408597,
        2.981981686905251,
        2.518543882619166,
        2.142142228459264,
        1.8410482777758095,
        1.5907158188376336
    ],
    "accuracy_values": [
        0.47285714285714286,
        0.7514285714285714,
        0.84,
        0.8828571428571429,
        0.9157142857142857,
        0.9414285714285714,
        0.9542857142857143,
        0.9585714285714285,
        0.9671428571428572,
        0.9771428571428571
    ],
    "val_loss_values": [
        11.846780027693475,
        8.237753524080668,
        6.75617083336713,
        5.784009141883538,
        5.142057227468317,
        4.698946980320259,
        4.3903816576138635,
        4.17043353313341,
        4.024344013989034,
        3.9081320607784233
    ],
    "val_accuracy_values": [
        0.5811627873418087,
        0.7332861946059828,
        0.7611653847818872,
        0.7971110694238012,
        0.8180493225010462,
        0.8315560109092484,
        0.8389298546876578,
        0.8430424681452835,
        0.8446297926377004,
        0.8449183970908671
    ],
    "training_time_ms": 59036.79999999702,
    "inference_time_ms": 5694.79999999702,
    "loss": 3.9081320607784233,
    "accuracy": 0.8449183970908671
}