{
    "loss_values": [
        15.387701132550516,
        12.02396988634514,
        8.7983453501783,
        6.54785109293177,
        4.962992544379874,
        3.923422453280324,
        3.172949670661793,
        2.6249733686084484,
        2.1983190278271096,
        1.8567391988506812
    ],
    "accuracy_values": [
        0.34285714285714286,
        0.7,
        0.8142857142857143,
        0.8542857142857143,
        0.9114285714285715,
        0.9314285714285714,
        0.9542857142857143,
        0.9628571428571429,
        0.9742857142857143,
        0.9857142857142858
    ],
    "val_loss_values": [
        14.49867008833053,
        11.70124260767926,
        9.627959441419124,
        8.229870823476027,
        7.23700074230453,
        6.601229801730217,
        6.18087996398546,
        5.878007665972563,
        5.675466983287481,
        5.489995965498817
    ],
    "val_accuracy_values": [
        0.4431793708452383,
        0.6457235566914098,
        0.6918692299961234,
        0.7220778474924263,
        0.7506927594078882,
        0.7651222558830708,
        0.7728036296285661,
        0.7774268115837988,
        0.7784892819710262,
        0.7808870191962555
    ],
    "training_time_ms": 58291.19999998808,
    "inference_time_ms": 5768.0999999940395,
    "loss": 5.489995965498817,
    "accuracy": 0.7808870191962555
}