{
    "loss_values": [
        0.8395575881004333,
        0.3456243872642517,
        0.29379355907440186,
        0.2617436945438385,
        0.23705118894577026,
        0.21653230488300323,
        0.1995476633310318,
        0.18587026000022888,
        0.1741562783718109,
        0.1640702337026596
    ],
    "accuracy_values": [
        0.7565333247184753,
        0.9001166820526123,
        0.9151333570480347,
        0.9252333641052246,
        0.9321666955947876,
        0.9379500150680542,
        0.9424499869346619,
        0.9468500018119812,
        0.9495333433151245,
        0.9524833559989929
    ],
    "val_loss_values": [
        0.37134379148483276,
        0.3001244068145752,
        0.2610388696193695,
        0.23918487131595612,
        0.22083060443401337,
        0.20356102287769318,
        0.1926250159740448,
        0.1804545670747757,
        0.17089113593101501,
        0.16510841250419617
    ],
    "val_accuracy_values": [
        0.8926000595092773,
        0.9139000177383423,
        0.9266000390052795,
        0.9307000637054443,
        0.936500072479248,
        0.9393000602722168,
        0.9442000389099121,
        0.9466000199317932,
        0.9503000378608704,
        0.9511000514030457
    ],
    "training_time_ms": 44578.89999999851,
    "inference_time_ms": 48.600000001490116,
    "loss": 0.16510841250419617,
    "accuracy": 0.9511000514030457
}