{
    "loss_values": [
        2.074246644973755,
        1.4169886112213135,
        0.933528482913971,
        0.6973613500595093,
        0.5753964781761169,
        0.4990381598472595,
        0.4455702602863312,
        0.4058355391025543,
        0.375522255897522,
        0.35167333483695984
    ],
    "accuracy_values": [
        0.37283334136009216,
        0.6703333258628845,
        0.768833339214325,
        0.8163333535194397,
        0.843833327293396,
        0.8650000095367432,
        0.8784999847412109,
        0.8896666765213013,
        0.8973333239555359,
        0.9014999866485596
    ],
    "val_loss_values": [
        1.8154995441436768,
        1.2241230010986328,
        0.8869126439094543,
        0.7145325541496277,
        0.6183120012283325,
        0.546538770198822,
        0.5024112462997437,
        0.46833187341690063,
        0.44244247674942017,
        0.42773598432540894
    ],
    "val_accuracy_values": [
        0.5410000085830688,
        0.6770000457763672,
        0.7490000128746033,
        0.7930000424385071,
        0.8180000185966492,
        0.8410000205039978,
        0.8520000576972961,
        0.859000027179718,
        0.8660000562667847,
        0.8680000305175781
    ],
    "training_time_ms": 4519.60000000149,
    "inference_time_ms": 7.100000001490116,
    "loss": 0.42773598432540894,
    "accuracy": 0.8680000305175781
}