{
    "loss_values": [
        1.2108159065246582,
        0.44379234313964844,
        0.35368582606315613,
        0.3114813566207886,
        0.2822018265724182,
        0.2608272135257721,
        0.2430250346660614,
        0.2284117043018341,
        0.21598626673221588,
        0.20512078702449799
    ],
    "accuracy_values": [
        0.666866660118103,
        0.877833366394043,
        0.9003666639328003,
        0.9115000367164612,
        0.9190999865531921,
        0.9258666634559631,
        0.9308333396911621,
        0.9349333643913269,
        0.9383000135421753,
        0.941266655921936
    ],
    "val_loss_values": [
        0.6212964653968811,
        0.46080154180526733,
        0.41009020805358887,
        0.3729489743709564,
        0.3428746163845062,
        0.32617998123168945,
        0.30910930037498474,
        0.29414641857147217,
        0.2852196991443634,
        0.2837121784687042
    ],
    "val_accuracy_values": [
        0.8274000287055969,
        0.8644000291824341,
        0.8836000561714172,
        0.8934000134468079,
        0.9032000303268433,
        0.90420001745224,
        0.909600019454956,
        0.9154000282287598,
        0.9146000146865845,
        0.9148000478744507
    ],
    "training_time_ms": 21851.10000000149,
    "inference_time_ms": 8.100000001490116,
    "loss": 0.2837121784687042,
    "accuracy": 0.9148000478744507
}