{
    "loss_values": [
        0.771210253238678,
        0.3414614498615265,
        0.28746891021728516,
        0.25324952602386475,
        0.2271691858768463,
        0.20606809854507446,
        0.188821479678154,
        0.17517395317554474,
        0.16325651109218597,
        0.15369468927383423
    ],
    "accuracy_values": [
        0.7805666923522949,
        0.9021833539009094,
        0.9170166850090027,
        0.9271000027656555,
        0.9341833591461182,
        0.9412166476249695,
        0.9456999897956848,
        0.9492833614349365,
        0.9520333409309387,
        0.9553666710853577
    ],
    "val_loss_values": [
        0.3678162693977356,
        0.30335015058517456,
        0.26342400908470154,
        0.2369714379310608,
        0.21359263360500336,
        0.19881553947925568,
        0.18270766735076904,
        0.1718800812959671,
        0.1658816933631897,
        0.16112756729125977
    ],
    "val_accuracy_values": [
        0.8944000005722046,
        0.9160000085830688,
        0.9266999959945679,
        0.9315999746322632,
        0.9386000037193298,
        0.941100001335144,
        0.9465000033378601,
        0.9484999775886536,
        0.9509999752044678,
        0.9519000053405762
    ],
    "training_time_ms": 104601.19999999553,
    "inference_time_ms": 1.5,
    "loss": 0.16112756729125977,
    "accuracy": 0.9519000053405762
}