{
    "loss_values": [
        2.0722508430480957,
        1.4267650842666626,
        0.907284677028656,
        0.6730035543441772,
        0.5538884997367859,
        0.4808617830276489,
        0.43134522438049316,
        0.3978365957736969,
        0.3713054955005646,
        0.349083811044693
    ],
    "accuracy_values": [
        0.3633333146572113,
        0.6606666445732117,
        0.7824999690055847,
        0.8236666321754456,
        0.8504999876022339,
        0.8644999861717224,
        0.8819999694824219,
        0.8884999752044678,
        0.8966666460037231,
        0.9026666283607483
    ],
    "val_loss_values": [
        1.8690963983535767,
        1.2424445152282715,
        0.8843492269515991,
        0.7124672532081604,
        0.6131653785705566,
        0.544238805770874,
        0.5133246779441833,
        0.4774664640426636,
        0.44204065203666687,
        0.4374104142189026
    ],
    "val_accuracy_values": [
        0.4729999899864197,
        0.6629999876022339,
        0.7519999742507935,
        0.796999990940094,
        0.8159999847412109,
        0.8410000205039978,
        0.8450000286102295,
        0.8569999933242798,
        0.8610000014305115,
        0.8650000095367432
    ],
    "training_time_ms": 10107.19999999553,
    "inference_time_ms": 0.5,
    "loss": 0.4374104142189026,
    "accuracy": 0.8650000095367432
}