{
    "loss_values": [
        1.1289069652557373,
        0.4449698030948639,
        0.35516443848609924,
        0.3119817078113556,
        0.2832225561141968,
        0.26099857687950134,
        0.24268195033073425,
        0.22855977714061737,
        0.21524348855018616,
        0.202797070145607
    ],
    "accuracy_values": [
        0.6852999925613403,
        0.8752000331878662,
        0.8990333676338196,
        0.9103000164031982,
        0.9175333380699158,
        0.9246000051498413,
        0.9300000071525574,
        0.9334666728973389,
        0.9366666674613953,
        0.9406000375747681
    ],
    "val_loss_values": [
        0.6248245239257812,
        0.4702322781085968,
        0.40846678614616394,
        0.373551607131958,
        0.3447359502315521,
        0.32506924867630005,
        0.30634835362434387,
        0.29307782649993896,
        0.28106489777565,
        0.27549251914024353
    ],
    "val_accuracy_values": [
        0.8202000260353088,
        0.8582000136375427,
        0.8766000270843506,
        0.8885999917984009,
        0.8996000289916992,
        0.9064000248908997,
        0.9089999794960022,
        0.9118000268936157,
        0.9138000011444092,
        0.9156000018119812
    ],
    "training_time_ms": 51808,
    "inference_time_ms": 0.6000000014901161,
    "loss": 0.27549251914024353,
    "accuracy": 0.9156000018119812
}