{
    "loss_values": [
        1.1165921688079834,
        0.42445188760757446,
        0.34968048334121704,
        0.312338650226593,
        0.2861219048500061,
        0.26563650369644165,
        0.24789881706237793,
        0.23285628855228424,
        0.21853265166282654,
        0.20682454109191895
    ],
    "accuracy_values": [
        0.6827333569526672,
        0.882266640663147,
        0.9017333388328552,
        0.9104999899864197,
        0.9192000031471252,
        0.9247666597366333,
        0.9286666512489319,
        0.9329333305358887,
        0.9377666711807251,
        0.9399666786193848
    ],
    "val_loss_values": [
        0.5954131484031677,
        0.4541887640953064,
        0.4043824374675751,
        0.38618728518486023,
        0.3507746458053589,
        0.3364027440547943,
        0.3100352883338928,
        0.3188557028770447,
        0.2871038615703583,
        0.27532997727394104
    ],
    "val_accuracy_values": [
        0.8321999907493591,
        0.8694000244140625,
        0.8835999965667725,
        0.8895999789237976,
        0.900600016117096,
        0.902999997138977,
        0.9097999930381775,
        0.9061999917030334,
        0.9186000227928162,
        0.9190000295639038
    ],
    "training_time_ms": 27459.70106124878,
    "inference_time_ms": 294.91114616394043,
    "loss": 0.27532997727394104,
    "accuracy": 0.9190000295639038
}