{
    "loss_values": [
        0.8000755906105042,
        0.33638182282447815,
        0.28685861825942993,
        0.2563324570655823,
        0.23321813344955444,
        0.21356424689292908,
        0.197819322347641,
        0.18481682240962982,
        0.17280355095863342,
        0.162891685962677
    ],
    "accuracy_values": [
        0.7803666591644287,
        0.9037833213806152,
        0.9179333448410034,
        0.9260666370391846,
        0.9329500198364258,
        0.9390666484832764,
        0.943149983882904,
        0.9470999836921692,
        0.9506000280380249,
        0.9533500075340271
    ],
    "val_loss_values": [
        0.3670710325241089,
        0.2918349504470825,
        0.2637680768966675,
        0.24077504873275757,
        0.21880051493644714,
        0.20432017743587494,
        0.1915697157382965,
        0.18044038116931915,
        0.1758447140455246,
        0.1664154976606369
    ],
    "val_accuracy_values": [
        0.8960000276565552,
        0.9179999828338623,
        0.9251000285148621,
        0.9320999979972839,
        0.9369999766349792,
        0.9423999786376953,
        0.9455999732017517,
        0.9491000175476074,
        0.9484000205993652,
        0.9513000249862671
    ],
    "training_time_ms": 53056.774377822876,
    "inference_time_ms": 324.94044303894043,
    "loss": 0.1664154976606369,
    "accuracy": 0.9513000249862671
}