{
    "loss_values": [
        2.035722255706787,
        1.249660849571228,
        0.7693234086036682,
        0.5841153264045715,
        0.49100199341773987,
        0.4333478510379791,
        0.39654192328453064,
        0.36774152517318726,
        0.34593555331230164,
        0.32715290784835815
    ],
    "accuracy_values": [
        0.3179999887943268,
        0.706333339214325,
        0.7996666431427002,
        0.8423333168029785,
        0.8638333082199097,
        0.8803333044052124,
        0.8884999752044678,
        0.8966666460037231,
        0.9020000100135803,
        0.9111666679382324
    ],
    "val_loss_values": [
        1.7229466438293457,
        1.021744728088379,
        0.7466325759887695,
        0.616298258304596,
        0.5475403070449829,
        0.5214454531669617,
        0.47745126485824585,
        0.44840091466903687,
        0.42875757813453674,
        0.41691818833351135
    ],
    "val_accuracy_values": [
        0.5649999976158142,
        0.7149999737739563,
        0.7960000038146973,
        0.8339999914169312,
        0.8429999947547913,
        0.8429999947547913,
        0.8659999966621399,
        0.8650000095367432,
        0.8759999871253967,
        0.8759999871253967
    ],
    "training_time_ms": 6554.401397705078,
    "inference_time_ms": 263.25368881225586,
    "loss": 0.41691818833351135,
    "accuracy": 0.8759999871253967
}