{
    "loss_values": [
        2.141249418258667,
        1.5092509984970093,
        0.9372585415840149,
        0.6695637702941895,
        0.5416697263717651,
        0.47036781907081604,
        0.4249100983142853,
        0.3917568325996399,
        0.36601200699806213,
        0.34688639640808105
    ],
    "accuracy_values": [
        0.28816667199134827,
        0.628000020980835,
        0.7903333306312561,
        0.8389999866485596,
        0.8633333444595337,
        0.8791666626930237,
        0.8903332948684692,
        0.8958333134651184,
        0.903333306312561,
        0.9083333015441895
    ],
    "val_loss_values": [
        1.9511992931365967,
        1.2821978330612183,
        0.8689141273498535,
        0.6798807382583618,
        0.5759446024894714,
        0.5180858969688416,
        0.47643497586250305,
        0.44998645782470703,
        0.4315272867679596,
        0.4215383231639862
    ],
    "val_accuracy_values": [
        0.4390000104904175,
        0.6660000085830688,
        0.7960000038146973,
        0.8360000252723694,
        0.8550000190734863,
        0.8679999709129333,
        0.8759999871253967,
        0.8759999871253967,
        0.8809999823570251,
        0.878000020980835
    ],
    "training_time_ms": 16194,
    "inference_time_ms": 0.3999999985098839,
    "loss": 0.4215383231639862,
    "accuracy": 0.878000020980835
}