{
    "loss_values": [
        0.8192793726921082,
        0.3287063241004944,
        0.2783309817314148,
        0.24581678211688995,
        0.221598282456398,
        0.20220960676670074,
        0.1868630051612854,
        0.17440646886825562,
        0.16412676870822906,
        0.1551395058631897
    ],
    "accuracy_values": [
        0.7762333154678345,
        0.9055333137512207,
        0.9197666645050049,
        0.9291833639144897,
        0.9361833333969116,
        0.9415166974067688,
        0.946316659450531,
        0.9502666592597961,
        0.9525333642959595,
        0.9555000066757202
    ],
    "val_loss_values": [
        0.35604128241539,
        0.27905914187431335,
        0.24573774635791779,
        0.22291748225688934,
        0.20628605782985687,
        0.19129358232021332,
        0.18103225529193878,
        0.17160454392433167,
        0.16060900688171387,
        0.16163240373134613
    ],
    "val_accuracy_values": [
        0.8984000086784363,
        0.9211000204086304,
        0.9284999966621399,
        0.9361000061035156,
        0.9395999908447266,
        0.9435999989509583,
        0.9460999965667725,
        0.9509000182151794,
        0.951200008392334,
        0.9527000188827515
    ],
    "training_time_ms": 191461.80000000447,
    "inference_time_ms": 0.29999999701976776,
    "loss": 0.16163240373134613,
    "accuracy": 0.9527000188827515
}