{
    "loss_values": [
        1.1085233688354492,
        0.4322837293148041,
        0.34615373611450195,
        0.3090887665748596,
        0.2838537096977234,
        0.2641434967517853,
        0.24901214241981506,
        0.23545624315738678,
        0.22210676968097687,
        0.21098069846630096
    ],
    "accuracy_values": [
        0.7006666660308838,
        0.8791666626930237,
        0.9012666940689087,
        0.9107666611671448,
        0.9174333214759827,
        0.9249666929244995,
        0.9284000396728516,
        0.9318333268165588,
        0.9363666772842407,
        0.9394333362579346
    ],
    "val_loss_values": [
        0.6220325827598572,
        0.45666396617889404,
        0.4069078862667084,
        0.3760400414466858,
        0.3921494483947754,
        0.34859591722488403,
        0.31893935799598694,
        0.31329798698425293,
        0.2935411036014557,
        0.2818354368209839
    ],
    "val_accuracy_values": [
        0.823199987411499,
        0.8664000034332275,
        0.8794000148773193,
        0.8889999985694885,
        0.8826000094413757,
        0.8971999883651733,
        0.9049999713897705,
        0.9065999984741211,
        0.9103999733924866,
        0.9165999889373779
    ],
    "training_time_ms": 95272.5,
    "inference_time_ms": 0.30000000447034836,
    "loss": 0.2818354368209839,
    "accuracy": 0.9165999889373779
}