{
    "loss_values": [
        2.176483631134033,
        1.6662275791168213,
        1.0556550025939941,
        0.7241234183311462,
        0.5740889310836792,
        0.49375271797180176,
        0.443548321723938,
        0.4109983742237091,
        0.3863404393196106,
        0.3650580644607544
    ],
    "accuracy_values": [
        0.2719999849796295,
        0.5708333253860474,
        0.7820000052452087,
        0.8343333005905151,
        0.8611666560173035,
        0.872166633605957,
        0.8826666474342346,
        0.8888333439826965,
        0.8933333158493042,
        0.9016666412353516
    ],
    "val_loss_values": [
        2.0382275581359863,
        1.4329793453216553,
        0.9479690790176392,
        0.719937264919281,
        0.608874499797821,
        0.5424113273620605,
        0.5171758532524109,
        0.47952088713645935,
        0.46617788076400757,
        0.4601295292377472
    ],
    "val_accuracy_values": [
        0.42399999499320984,
        0.6940000057220459,
        0.7850000262260437,
        0.8159999847412109,
        0.8370000123977661,
        0.8500000238418579,
        0.8539999723434448,
        0.8629999756813049,
        0.8650000095367432,
        0.8600000143051147
    ],
    "training_time_ms": 10190.80000000447,
    "inference_time_ms": 0.09999999403953552,
    "loss": 0.4601295292377472,
    "accuracy": 0.8600000143051147
}