{
    "loss_values": [
        0.8696613907814026,
        0.3421255052089691,
        0.2848665416240692,
        0.25091925263404846,
        0.2270658016204834,
        0.20776334404945374,
        0.19204433262348175,
        0.17940308153629303,
        0.16839540004730225,
        0.15831691026687622
    ],
    "accuracy_values": [
        0.7482666969299316,
        0.9016166925430298,
        0.9173833727836609,
        0.9274166822433472,
        0.933983325958252,
        0.9401500225067139,
        0.9447833299636841,
        0.9479833245277405,
        0.9519166946411133,
        0.9545166492462158
    ],
    "val_loss_values": [
        0.3794874846935272,
        0.3000836670398712,
        0.2530767619609833,
        0.23446564376354218,
        0.21000586450099945,
        0.19606663286685944,
        0.19004444777965546,
        0.1686122566461563,
        0.16107924282550812,
        0.15547020733356476
    ],
    "val_accuracy_values": [
        0.8913999795913696,
        0.9139999747276306,
        0.9254999756813049,
        0.9336000084877014,
        0.9384999871253967,
        0.9412000179290771,
        0.9444000124931335,
        0.9506999850273132,
        0.95169997215271,
        0.9527999758720398
    ],
    "training_time_ms": 107438,
    "inference_time_ms": 0.7000000029802322,
    "loss": 0.15547020733356476,
    "accuracy": 0.9527999758720398
}