{
    "loss_values": [
        1.2438472509384155,
        0.455755352973938,
        0.3587800860404968,
        0.31801894307136536,
        0.2901807725429535,
        0.26920101046562195,
        0.2530919909477234,
        0.23796525597572327,
        0.22570371627807617,
        0.21446706354618073
    ],
    "accuracy_values": [
        0.6345000267028809,
        0.8761667013168335,
        0.8979666829109192,
        0.9078333377838135,
        0.9169000387191772,
        0.9222666621208191,
        0.926800012588501,
        0.9305999875068665,
        0.9344000220298767,
        0.9368667006492615
    ],
    "val_loss_values": [
        0.6584149599075317,
        0.46686986088752747,
        0.4130690395832062,
        0.3701620101928711,
        0.345660537481308,
        0.32809773087501526,
        0.31399792432785034,
        0.2960158586502075,
        0.3017498552799225,
        0.27838853001594543
    ],
    "val_accuracy_values": [
        0.8173999786376953,
        0.868399977684021,
        0.879800021648407,
        0.8898000121116638,
        0.8978000283241272,
        0.8998000025749207,
        0.9056000113487244,
        0.9121999740600586,
        0.9079999923706055,
        0.9161999821662903
    ],
    "training_time_ms": 51442.20000000298,
    "inference_time_ms": 0.29999999701976776,
    "loss": 0.27838853001594543,
    "accuracy": 0.9161999821662903
}