{
    "loss_values": [
        15.600918908346143,
        12.429826900767122,
        9.396876705413243,
        7.117517987527814,
        5.496627878043103,
        4.3408566939972815,
        3.519016643984943,
        2.899978647623743,
        2.4379722804940496,
        2.082417936646535
    ],
    "accuracy_values": [
        0.3342857142857143,
        0.6057142857142858,
        0.7685714285714286,
        0.8542857142857143,
        0.9085714285714286,
        0.9228571428571428,
        0.94,
        0.96,
        0.9714285714285714,
        0.98
    ],
    "val_loss_values": [
        14.54370181695414,
        11.870462479775858,
        9.7676519934972,
        8.409944374675565,
        7.4527125695807905,
        6.817096469854274,
        6.3628047018319736,
        6.022003401539588,
        5.790161716186707,
        5.607174294134798
    ],
    "val_accuracy_values": [
        0.5276170512139442,
        0.6318540108257118,
        0.696521127367227,
        0.7245904463811397,
        0.7478068601128516,
        0.760154488937386,
        0.7711381355080474,
        0.7782882740599291,
        0.7809444500279975,
        0.7831124639262588
    ],
    "training_time_ms": 57629.59999999404,
    "inference_time_ms": 5674.29999999702,
    "loss": 5.607174294134798,
    "accuracy": 0.7831124639262588
}