{
    "loss_values": [
        16.709638983176294,
        15.700471568582582,
        14.734315237528982,
        13.577766091240356,
        12.52939659094205,
        11.55112741220979,
        10.777355306221436,
        9.812556012857016,
        8.801828757133668,
        7.998611566443348
    ],
    "accuracy_values": [
        0.07142857142857142,
        0.24285714285714285,
        0.38571428571428573,
        0.4714285714285714,
        0.5,
        0.5857142857142857,
        0.7142857142857143,
        0.7857142857142857,
        0.8142857142857143,
        0.8428571428571429
    ],
    "val_loss_values": [
        16.06382579018768,
        15.455769324461187,
        14.85193839288856,
        14.335248455150687,
        13.836252960538127,
        13.36615489975194,
        12.985530606269222,
        12.566947450888845,
        12.196431136551423,
        11.807085961929827
    ],
    "val_accuracy_values": [
        0.18049736160963262,
        0.23549600308884727,
        0.27087474438358905,
        0.3193810865306239,
        0.35335840638361765,
        0.39741738048592146,
        0.424845200131562,
        0.4655722232550158,
        0.4946874687182714,
        0.5196413505126628
    ],
    "training_time_ms": 57893.89999999851,
    "inference_time_ms": 6744,
    "loss": 11.807085961929827,
    "accuracy": 0.5196413505126628
}