{
    "loss_values": [
        15.351924956196434,
        10.05418990121571,
        6.7415833043342515,
        5.064362737644648,
        3.97889916743154,
        3.272602255089314,
        2.7567860782190947,
        2.3424185817561716,
        2.0298168487425583,
        1.7453797851876844
    ],
    "accuracy_values": [
        0.3985714285714286,
        0.7214285714285714,
        0.8257142857142857,
        0.8714285714285714,
        0.9028571428571428,
        0.9342857142857143,
        0.94,
        0.96,
        0.9657142857142857,
        0.9742857142857143
    ],
    "val_loss_values": [
        13.552779125621168,
        9.648067248047113,
        7.768848126328162,
        6.474402172828209,
        5.648676053597573,
        5.080106156876057,
        4.69833965813317,
        4.491628387839492,
        4.348668867186027,
        4.196778029110145
    ],
    "val_accuracy_values": [
        0.45214216655362993,
        0.65250580816462,
        0.7134013477827963,
        0.766533427610788,
        0.7981789059005181,
        0.8169093349110377,
        0.8271692232211143,
        0.8290018614987229,
        0.8299253957488564,
        0.8320610687022901
    ],
    "training_time_ms": 59525.5,
    "inference_time_ms": 5756.899999991059,
    "loss": 4.196778029110145,
    "accuracy": 0.8320610687022901
}